backend,mode,headless,step,particles,trial,update_steps_requested,return_code,wall_runtime_s,reported_overall_runtime_s,reported_frames,reported_update_steps,simulated_seconds,average_fps,avg_full_frame_ms,avg_system_update_ms,avg_particle_update_ms,total_particle_update_s,avg_render_ms,command,stdout_tail,stderr_tail
cpu,cpu,True,protocol,1000,1,10000,0,0.4766644039999619,0.4132,10000.0,10000.0,160.0,24202.2507,0.0413,0.0001,0.041,0.4104,0.0,./bin/rotea_sim --mode cpu --headless --particles 1000 --step protocol --steps 10000,0\nPhase complete: Wash | retained=0.618225 | suspended=0.00130014 | omega=156\nPhase complete: Harvest | retained=0.167591 | suspended=0 | omega=48\nPhase complete: Load | retained=0.428657 | suspended=0.0061375 | omega=72\nPhase complete: Concentrate | retained=0.613941 | suspended=0.000937711 | omega=180\nPhase complete: Wash | retained=0.785825 | suspended=0.00130014 | omega=156\nPhase complete: Harvest | retained=0.335184 | suspended=0 | omega=48\nPhase complete: Load | retained=0.59625 | suspended=0.0061375 | omega=72\nPhase complete: Concentrate | retained=0.781534 | suspended=0.000937711 | omega=180\nPhase complete: Wash | retained=0.953419 | suspended=0.00130014 | omega=156\nPhase complete: Harvest | retained=0.502771 | suspended=0 | omega=48\nPhase complete: Load | retained=0.763837 | suspended=0.0061375 | omega=72\nPhase complete: Concentrate | retained=0.949121 | suspended=0.000937711 | omega=180\n\n========== Headless Benchmark ==========\nMode: cpu\nStep: protocol\nParticles: 1000\nUpdate steps: 10000\nSimulated seconds: 160\n=======================================\n\n========== Benchmark Summary ==========\nMode: cpu\nStep: protocol\nParticles: 1000\nFrames: 10000\nOverall runtime: 0.4132 s\nAverage FPS: 24202.2507\nAverage full frame runtime: 0.0413 ms/frame\nAverage system update runtime: 0.0001 ms/frame\nAverage CPU particle update runtime: 0.0410 ms/frame\nTotal CPU particle update runtime: 0.4104 s\nAverage render/swap/poll runtime: 0.0000 ms/frame\n=======================================\n,
cpu,cpu,True,protocol,1000,2,10000,0,0.40712273899998763,0.3669,10000.0,10000.0,160.0,27256.8001,0.0367,0.0001,0.0364,0.3642,0.0,./bin/rotea_sim --mode cpu --headless --particles 1000 --step protocol --steps 10000,0\nPhase complete: Wash | retained=0.618225 | suspended=0.00130014 | omega=156\nPhase complete: Harvest | retained=0.167591 | suspended=0 | omega=48\nPhase complete: Load | retained=0.428657 | suspended=0.0061375 | omega=72\nPhase complete: Concentrate | retained=0.613941 | suspended=0.000937711 | omega=180\nPhase complete: Wash | retained=0.785825 | suspended=0.00130014 | omega=156\nPhase complete: Harvest | retained=0.335184 | suspended=0 | omega=48\nPhase complete: Load | retained=0.59625 | suspended=0.0061375 | omega=72\nPhase complete: Concentrate | retained=0.781534 | suspended=0.000937711 | omega=180\nPhase complete: Wash | retained=0.953419 | suspended=0.00130014 | omega=156\nPhase complete: Harvest | retained=0.502771 | suspended=0 | omega=48\nPhase complete: Load | retained=0.763837 | suspended=0.0061375 | omega=72\nPhase complete: Concentrate | retained=0.949121 | suspended=0.000937711 | omega=180\n\n========== Headless Benchmark ==========\nMode: cpu\nStep: protocol\nParticles: 1000\nUpdate steps: 10000\nSimulated seconds: 160\n=======================================\n\n========== Benchmark Summary ==========\nMode: cpu\nStep: protocol\nParticles: 1000\nFrames: 10000\nOverall runtime: 0.3669 s\nAverage FPS: 27256.8001\nAverage full frame runtime: 0.0367 ms/frame\nAverage system update runtime: 0.0001 ms/frame\nAverage CPU particle update runtime: 0.0364 ms/frame\nTotal CPU particle update runtime: 0.3642 s\nAverage render/swap/poll runtime: 0.0000 ms/frame\n=======================================\n,
cpu,cpu,True,protocol,1000,3,10000,0,0.42876062100003764,0.3648,10000.0,10000.0,160.0,27411.4665,0.0364,0.0001,0.0362,0.3623,0.0,./bin/rotea_sim --mode cpu --headless --particles 1000 --step protocol --steps 10000,0\nPhase complete: Wash | retained=0.618225 | suspended=0.00130014 | omega=156\nPhase complete: Harvest | retained=0.167591 | suspended=0 | omega=48\nPhase complete: Load | retained=0.428657 | suspended=0.0061375 | omega=72\nPhase complete: Concentrate | retained=0.613941 | suspended=0.000937711 | omega=180\nPhase complete: Wash | retained=0.785825 | suspended=0.00130014 | omega=156\nPhase complete: Harvest | retained=0.335184 | suspended=0 | omega=48\nPhase complete: Load | retained=0.59625 | suspended=0.0061375 | omega=72\nPhase complete: Concentrate | retained=0.781534 | suspended=0.000937711 | omega=180\nPhase complete: Wash | retained=0.953419 | suspended=0.00130014 | omega=156\nPhase complete: Harvest | retained=0.502771 | suspended=0 | omega=48\nPhase complete: Load | retained=0.763837 | suspended=0.0061375 | omega=72\nPhase complete: Concentrate | retained=0.949121 | suspended=0.000937711 | omega=180\n\n========== Headless Benchmark ==========\nMode: cpu\nStep: protocol\nParticles: 1000\nUpdate steps: 10000\nSimulated seconds: 160\n=======================================\n\n========== Benchmark Summary ==========\nMode: cpu\nStep: protocol\nParticles: 1000\nFrames: 10000\nOverall runtime: 0.3648 s\nAverage FPS: 27411.4665\nAverage full frame runtime: 0.0364 ms/frame\nAverage system update runtime: 0.0001 ms/frame\nAverage CPU particle update runtime: 0.0362 ms/frame\nTotal CPU particle update runtime: 0.3623 s\nAverage render/swap/poll runtime: 0.0000 ms/frame\n=======================================\n,
cuda,cuda,True,protocol,1000,1,10000,0,2.810935248000078,1.4748,10000.0,10000.0,160.0,6780.7308,0.1474,0.0001,0.1472,1.4716,0.0,./bin/rotea_sim_cuda --mode cuda --headless --particles 1000 --step protocol --steps 10000,hase complete: Wash | retained=0.618225 | suspended=0.00130014 | omega=156\nPhase complete: Harvest | retained=0.167591 | suspended=0 | omega=48\nPhase complete: Load | retained=0.428657 | suspended=0.0061375 | omega=72\nPhase complete: Concentrate | retained=0.613941 | suspended=0.000937711 | omega=180\nPhase complete: Wash | retained=0.785825 | suspended=0.00130014 | omega=156\nPhase complete: Harvest | retained=0.335184 | suspended=0 | omega=48\nPhase complete: Load | retained=0.59625 | suspended=0.0061375 | omega=72\nPhase complete: Concentrate | retained=0.781534 | suspended=0.000937711 | omega=180\nPhase complete: Wash | retained=0.953419 | suspended=0.00130014 | omega=156\nPhase complete: Harvest | retained=0.502771 | suspended=0 | omega=48\nPhase complete: Load | retained=0.763837 | suspended=0.0061375 | omega=72\nPhase complete: Concentrate | retained=0.949121 | suspended=0.000937711 | omega=180\n\n========== Headless Benchmark ==========\nMode: cuda\nStep: protocol\nParticles: 1000\nUpdate steps: 10000\nSimulated seconds: 160\n=======================================\n\n========== Benchmark Summary ==========\nMode: cuda\nStep: protocol\nParticles: 1000\nFrames: 10000\nOverall runtime: 1.4748 s\nAverage FPS: 6780.7308\nAverage full frame runtime: 0.1474 ms/frame\nAverage system update runtime: 0.0001 ms/frame\nAverage CUDA particle update runtime: 0.1472 ms/frame\nTotal CUDA particle update runtime: 1.4716 s\nAverage render/swap/poll runtime: 0.0000 ms/frame\n=======================================\n,"[CUDA ENGINE] using persistent CUDA particle buffer\n[CUDA] Persistent particle buffer allocated: 1000 particles, 0.03 MB\n[CUDA] Persistent particle buffer released.\n"
cuda,cuda,True,protocol,1000,2,10000,0,1.6042070190000004,0.7646,10000.0,10000.0,160.0,13078.2721,0.0764,0.0001,0.0762,0.7616,0.0,./bin/rotea_sim_cuda --mode cuda --headless --particles 1000 --step protocol --steps 10000,ase complete: Wash | retained=0.618225 | suspended=0.00130014 | omega=156\nPhase complete: Harvest | retained=0.167591 | suspended=0 | omega=48\nPhase complete: Load | retained=0.428657 | suspended=0.0061375 | omega=72\nPhase complete: Concentrate | retained=0.613941 | suspended=0.000937711 | omega=180\nPhase complete: Wash | retained=0.785825 | suspended=0.00130014 | omega=156\nPhase complete: Harvest | retained=0.335184 | suspended=0 | omega=48\nPhase complete: Load | retained=0.59625 | suspended=0.0061375 | omega=72\nPhase complete: Concentrate | retained=0.781534 | suspended=0.000937711 | omega=180\nPhase complete: Wash | retained=0.953419 | suspended=0.00130014 | omega=156\nPhase complete: Harvest | retained=0.502771 | suspended=0 | omega=48\nPhase complete: Load | retained=0.763837 | suspended=0.0061375 | omega=72\nPhase complete: Concentrate | retained=0.949121 | suspended=0.000937711 | omega=180\n\n========== Headless Benchmark ==========\nMode: cuda\nStep: protocol\nParticles: 1000\nUpdate steps: 10000\nSimulated seconds: 160\n=======================================\n\n========== Benchmark Summary ==========\nMode: cuda\nStep: protocol\nParticles: 1000\nFrames: 10000\nOverall runtime: 0.7646 s\nAverage FPS: 13078.2721\nAverage full frame runtime: 0.0764 ms/frame\nAverage system update runtime: 0.0001 ms/frame\nAverage CUDA particle update runtime: 0.0762 ms/frame\nTotal CUDA particle update runtime: 0.7616 s\nAverage render/swap/poll runtime: 0.0000 ms/frame\n=======================================\n,"[CUDA ENGINE] using persistent CUDA particle buffer\n[CUDA] Persistent particle buffer allocated: 1000 particles, 0.03 MB\n[CUDA] Persistent particle buffer released.\n"
cuda,cuda,True,protocol,1000,3,10000,0,1.3376204500000313,0.7512,10000.0,10000.0,160.0,13311.2197,0.0751,0.0001,0.0748,0.748,0.0,./bin/rotea_sim_cuda --mode cuda --headless --particles 1000 --step protocol --steps 10000,ase complete: Wash | retained=0.618225 | suspended=0.00130014 | omega=156\nPhase complete: Harvest | retained=0.167591 | suspended=0 | omega=48\nPhase complete: Load | retained=0.428657 | suspended=0.0061375 | omega=72\nPhase complete: Concentrate | retained=0.613941 | suspended=0.000937711 | omega=180\nPhase complete: Wash | retained=0.785825 | suspended=0.00130014 | omega=156\nPhase complete: Harvest | retained=0.335184 | suspended=0 | omega=48\nPhase complete: Load | retained=0.59625 | suspended=0.0061375 | omega=72\nPhase complete: Concentrate | retained=0.781534 | suspended=0.000937711 | omega=180\nPhase complete: Wash | retained=0.953419 | suspended=0.00130014 | omega=156\nPhase complete: Harvest | retained=0.502771 | suspended=0 | omega=48\nPhase complete: Load | retained=0.763837 | suspended=0.0061375 | omega=72\nPhase complete: Concentrate | retained=0.949121 | suspended=0.000937711 | omega=180\n\n========== Headless Benchmark ==========\nMode: cuda\nStep: protocol\nParticles: 1000\nUpdate steps: 10000\nSimulated seconds: 160\n=======================================\n\n========== Benchmark Summary ==========\nMode: cuda\nStep: protocol\nParticles: 1000\nFrames: 10000\nOverall runtime: 0.7512 s\nAverage FPS: 13311.2197\nAverage full frame runtime: 0.0751 ms/frame\nAverage system update runtime: 0.0001 ms/frame\nAverage CUDA particle update runtime: 0.0748 ms/frame\nTotal CUDA particle update runtime: 0.7480 s\nAverage render/swap/poll runtime: 0.0000 ms/frame\n=======================================\n,"[CUDA ENGINE] using persistent CUDA particle buffer\n[CUDA] Persistent particle buffer allocated: 1000 particles, 0.03 MB\n[CUDA] Persistent particle buffer released.\n"
cpu,cpu,True,load,1000,1,10000,0,0.45782533700003114,0.3782,10000.0,10000.0,160.0,26443.7992,0.0378,0.0001,0.0376,0.3763,0.0,./bin/rotea_sim --mode cpu --headless --particles 1000 --step load --steps 10000,"Particles: 1000 total (900 fluid, 100 cells)\nMode: cpu\nStep: load\nHeadless: true\nUpdate steps: 10000\n\n========== Headless Benchmark ==========\nMode: cpu\nStep: load\nParticles: 1000\nUpdate steps: 10000\nSimulated seconds: 160\n=======================================\n\n========== Benchmark Summary ==========\nMode: cpu\nStep: load\nParticles: 1000\nFrames: 10000\nOverall runtime: 0.3782 s\nAverage FPS: 26443.7992\nAverage full frame runtime: 0.0378 ms/frame\nAverage system update runtime: 0.0001 ms/frame\nAverage CPU particle update runtime: 0.0376 ms/frame\nTotal CPU particle update runtime: 0.3763 s\nAverage render/swap/poll runtime: 0.0000 ms/frame\n=======================================\n",
cpu,cpu,True,load,1000,2,10000,0,0.802636059000065,0.4005,10000.0,10000.0,160.0,24969.03,0.04,0.0001,0.0398,0.3985,0.0,./bin/rotea_sim --mode cpu --headless --particles 1000 --step load --steps 10000,"Particles: 1000 total (900 fluid, 100 cells)\nMode: cpu\nStep: load\nHeadless: true\nUpdate steps: 10000\n\n========== Headless Benchmark ==========\nMode: cpu\nStep: load\nParticles: 1000\nUpdate steps: 10000\nSimulated seconds: 160\n=======================================\n\n========== Benchmark Summary ==========\nMode: cpu\nStep: load\nParticles: 1000\nFrames: 10000\nOverall runtime: 0.4005 s\nAverage FPS: 24969.0300\nAverage full frame runtime: 0.0400 ms/frame\nAverage system update runtime: 0.0001 ms/frame\nAverage CPU particle update runtime: 0.0398 ms/frame\nTotal CPU particle update runtime: 0.3985 s\nAverage render/swap/poll runtime: 0.0000 ms/frame\n=======================================\n",
cpu,cpu,True,load,1000,3,10000,0,0.9429999709999493,0.3896,10000.0,10000.0,160.0,25667.5656,0.0389,0.0001,0.0388,0.3876,0.0,./bin/rotea_sim --mode cpu --headless --particles 1000 --step load --steps 10000,"Particles: 1000 total (900 fluid, 100 cells)\nMode: cpu\nStep: load\nHeadless: true\nUpdate steps: 10000\n\n========== Headless Benchmark ==========\nMode: cpu\nStep: load\nParticles: 1000\nUpdate steps: 10000\nSimulated seconds: 160\n=======================================\n\n========== Benchmark Summary ==========\nMode: cpu\nStep: load\nParticles: 1000\nFrames: 10000\nOverall runtime: 0.3896 s\nAverage FPS: 25667.5656\nAverage full frame runtime: 0.0389 ms/frame\nAverage system update runtime: 0.0001 ms/frame\nAverage CPU particle update runtime: 0.0388 ms/frame\nTotal CPU particle update runtime: 0.3876 s\nAverage render/swap/poll runtime: 0.0000 ms/frame\n=======================================\n",
cuda,cuda,True,load,1000,1,10000,0,2.122668540999939,0.7374,10000.0,10000.0,160.0,13560.4924,0.0737,0.0001,0.0735,0.735,0.0,./bin/rotea_sim_cuda --mode cuda --headless --particles 1000 --step load --steps 10000,"Particles: 1000 total (900 fluid, 100 cells)\nMode: cuda\nStep: load\nHeadless: true\nUpdate steps: 10000\n\n========== Headless Benchmark ==========\nMode: cuda\nStep: load\nParticles: 1000\nUpdate steps: 10000\nSimulated seconds: 160\n=======================================\n\n========== Benchmark Summary ==========\nMode: cuda\nStep: load\nParticles: 1000\nFrames: 10000\nOverall runtime: 0.7374 s\nAverage FPS: 13560.4924\nAverage full frame runtime: 0.0737 ms/frame\nAverage system update runtime: 0.0001 ms/frame\nAverage CUDA particle update runtime: 0.0735 ms/frame\nTotal CUDA particle update runtime: 0.7350 s\nAverage render/swap/poll runtime: 0.0000 ms/frame\n=======================================\n","[CUDA ENGINE] using persistent CUDA particle buffer\n[CUDA] Persistent particle buffer allocated: 1000 particles, 0.03 MB\n[CUDA] Persistent particle buffer released.\n"
cuda,cuda,True,load,1000,2,10000,0,1.3380122410000013,0.707,10000.0,10000.0,160.0,14143.4794,0.0707,0.0001,0.0704,0.7044,0.0,./bin/rotea_sim_cuda --mode cuda --headless --particles 1000 --step load --steps 10000,"Particles: 1000 total (900 fluid, 100 cells)\nMode: cuda\nStep: load\nHeadless: true\nUpdate steps: 10000\n\n========== Headless Benchmark ==========\nMode: cuda\nStep: load\nParticles: 1000\nUpdate steps: 10000\nSimulated seconds: 160\n=======================================\n\n========== Benchmark Summary ==========\nMode: cuda\nStep: load\nParticles: 1000\nFrames: 10000\nOverall runtime: 0.7070 s\nAverage FPS: 14143.4794\nAverage full frame runtime: 0.0707 ms/frame\nAverage system update runtime: 0.0001 ms/frame\nAverage CUDA particle update runtime: 0.0704 ms/frame\nTotal CUDA particle update runtime: 0.7044 s\nAverage render/swap/poll runtime: 0.0000 ms/frame\n=======================================\n","[CUDA ENGINE] using persistent CUDA particle buffer\n[CUDA] Persistent particle buffer allocated: 1000 particles, 0.03 MB\n[CUDA] Persistent particle buffer released.\n"
cuda,cuda,True,load,1000,3,10000,0,1.4237360639999679,0.7562,10000.0,10000.0,160.0,13224.3628,0.0756,0.0001,0.0754,0.7537,0.0,./bin/rotea_sim_cuda --mode cuda --headless --particles 1000 --step load --steps 10000,"Particles: 1000 total (900 fluid, 100 cells)\nMode: cuda\nStep: load\nHeadless: true\nUpdate steps: 10000\n\n========== Headless Benchmark ==========\nMode: cuda\nStep: load\nParticles: 1000\nUpdate steps: 10000\nSimulated seconds: 160\n=======================================\n\n========== Benchmark Summary ==========\nMode: cuda\nStep: load\nParticles: 1000\nFrames: 10000\nOverall runtime: 0.7562 s\nAverage FPS: 13224.3628\nAverage full frame runtime: 0.0756 ms/frame\nAverage system update runtime: 0.0001 ms/frame\nAverage CUDA particle update runtime: 0.0754 ms/frame\nTotal CUDA particle update runtime: 0.7537 s\nAverage render/swap/poll runtime: 0.0000 ms/frame\n=======================================\n","[CUDA ENGINE] using persistent CUDA particle buffer\n[CUDA] Persistent particle buffer allocated: 1000 particles, 0.03 MB\n[CUDA] Persistent particle buffer released.\n"
cpu,cpu,True,concentrate,1000,1,10000,0,0.4578254549999201,0.3732,10000.0,10000.0,160.0,26798.8719,0.0373,0.0001,0.0371,0.3712,0.0,./bin/rotea_sim --mode cpu --headless --particles 1000 --step concentrate --steps 10000,"Particles: 1000 total (900 fluid, 100 cells)\nMode: cpu\nStep: concentrate\nHeadless: true\nUpdate steps: 10000\n\n========== Headless Benchmark ==========\nMode: cpu\nStep: concentrate\nParticles: 1000\nUpdate steps: 10000\nSimulated seconds: 160\n=======================================\n\n========== Benchmark Summary ==========\nMode: cpu\nStep: concentrate\nParticles: 1000\nFrames: 10000\nOverall runtime: 0.3732 s\nAverage FPS: 26798.8719\nAverage full frame runtime: 0.0373 ms/frame\nAverage system update runtime: 0.0001 ms/frame\nAverage CPU particle update runtime: 0.0371 ms/frame\nTotal CPU particle update runtime: 0.3712 s\nAverage render/swap/poll runtime: 0.0000 ms/frame\n=======================================\n",
cpu,cpu,True,concentrate,1000,2,10000,0,0.4001913209999657,0.3626,10000.0,10000.0,160.0,27577.9366,0.0362,0.0001,0.0361,0.3606,0.0,./bin/rotea_sim --mode cpu --headless --particles 1000 --step concentrate --steps 10000,"Particles: 1000 total (900 fluid, 100 cells)\nMode: cpu\nStep: concentrate\nHeadless: true\nUpdate steps: 10000\n\n========== Headless Benchmark ==========\nMode: cpu\nStep: concentrate\nParticles: 1000\nUpdate steps: 10000\nSimulated seconds: 160\n=======================================\n\n========== Benchmark Summary ==========\nMode: cpu\nStep: concentrate\nParticles: 1000\nFrames: 10000\nOverall runtime: 0.3626 s\nAverage FPS: 27577.9366\nAverage full frame runtime: 0.0362 ms/frame\nAverage system update runtime: 0.0001 ms/frame\nAverage CPU particle update runtime: 0.0361 ms/frame\nTotal CPU particle update runtime: 0.3606 s\nAverage render/swap/poll runtime: 0.0000 ms/frame\n=======================================\n",
cpu,cpu,True,concentrate,1000,3,10000,0,0.4255991569999651,0.3759,10000.0,10000.0,160.0,26605.9579,0.0376,0.0001,0.0374,0.3739,0.0,./bin/rotea_sim --mode cpu --headless --particles 1000 --step concentrate --steps 10000,"Particles: 1000 total (900 fluid, 100 cells)\nMode: cpu\nStep: concentrate\nHeadless: true\nUpdate steps: 10000\n\n========== Headless Benchmark ==========\nMode: cpu\nStep: concentrate\nParticles: 1000\nUpdate steps: 10000\nSimulated seconds: 160\n=======================================\n\n========== Benchmark Summary ==========\nMode: cpu\nStep: concentrate\nParticles: 1000\nFrames: 10000\nOverall runtime: 0.3759 s\nAverage FPS: 26605.9579\nAverage full frame runtime: 0.0376 ms/frame\nAverage system update runtime: 0.0001 ms/frame\nAverage CPU particle update runtime: 0.0374 ms/frame\nTotal CPU particle update runtime: 0.3739 s\nAverage render/swap/poll runtime: 0.0000 ms/frame\n=======================================\n",
cuda,cuda,True,concentrate,1000,1,10000,0,1.3289910170000212,0.6935,10000.0,10000.0,160.0,14418.7145,0.0693,0.0001,0.0691,0.6911,0.0,./bin/rotea_sim_cuda --mode cuda --headless --particles 1000 --step concentrate --steps 10000,"Particles: 1000 total (900 fluid, 100 cells)\nMode: cuda\nStep: concentrate\nHeadless: true\nUpdate steps: 10000\n\n========== Headless Benchmark ==========\nMode: cuda\nStep: concentrate\nParticles: 1000\nUpdate steps: 10000\nSimulated seconds: 160\n=======================================\n\n========== Benchmark Summary ==========\nMode: cuda\nStep: concentrate\nParticles: 1000\nFrames: 10000\nOverall runtime: 0.6935 s\nAverage FPS: 14418.7145\nAverage full frame runtime: 0.0693 ms/frame\nAverage system update runtime: 0.0001 ms/frame\nAverage CUDA particle update runtime: 0.0691 ms/frame\nTotal CUDA particle update runtime: 0.6911 s\nAverage render/swap/poll runtime: 0.0000 ms/frame\n=======================================\n","[CUDA ENGINE] using persistent CUDA particle buffer\n[CUDA] Persistent particle buffer allocated: 1000 particles, 0.03 MB\n[CUDA] Persistent particle buffer released.\n"
cuda,cuda,True,concentrate,1000,2,10000,0,1.3750831639999888,0.7409,10000.0,10000.0,160.0,13497.0484,0.074,0.0001,0.0738,0.7383,0.0,./bin/rotea_sim_cuda --mode cuda --headless --particles 1000 --step concentrate --steps 10000,"Particles: 1000 total (900 fluid, 100 cells)\nMode: cuda\nStep: concentrate\nHeadless: true\nUpdate steps: 10000\n\n========== Headless Benchmark ==========\nMode: cuda\nStep: concentrate\nParticles: 1000\nUpdate steps: 10000\nSimulated seconds: 160\n=======================================\n\n========== Benchmark Summary ==========\nMode: cuda\nStep: concentrate\nParticles: 1000\nFrames: 10000\nOverall runtime: 0.7409 s\nAverage FPS: 13497.0484\nAverage full frame runtime: 0.0740 ms/frame\nAverage system update runtime: 0.0001 ms/frame\nAverage CUDA particle update runtime: 0.0738 ms/frame\nTotal CUDA particle update runtime: 0.7383 s\nAverage render/swap/poll runtime: 0.0000 ms/frame\n=======================================\n","[CUDA ENGINE] using persistent CUDA particle buffer\n[CUDA] Persistent particle buffer allocated: 1000 particles, 0.03 MB\n[CUDA] Persistent particle buffer released.\n"
cuda,cuda,True,concentrate,1000,3,10000,0,1.5481283630000462,0.7786,10000.0,10000.0,160.0,12843.3041,0.0778,0.0001,0.0776,0.7762,0.0,./bin/rotea_sim_cuda --mode cuda --headless --particles 1000 --step concentrate --steps 10000,"Particles: 1000 total (900 fluid, 100 cells)\nMode: cuda\nStep: concentrate\nHeadless: true\nUpdate steps: 10000\n\n========== Headless Benchmark ==========\nMode: cuda\nStep: concentrate\nParticles: 1000\nUpdate steps: 10000\nSimulated seconds: 160\n=======================================\n\n========== Benchmark Summary ==========\nMode: cuda\nStep: concentrate\nParticles: 1000\nFrames: 10000\nOverall runtime: 0.7786 s\nAverage FPS: 12843.3041\nAverage full frame runtime: 0.0778 ms/frame\nAverage system update runtime: 0.0001 ms/frame\nAverage CUDA particle update runtime: 0.0776 ms/frame\nTotal CUDA particle update runtime: 0.7762 s\nAverage render/swap/poll runtime: 0.0000 ms/frame\n=======================================\n","[CUDA ENGINE] using persistent CUDA particle buffer\n[CUDA] Persistent particle buffer allocated: 1000 particles, 0.03 MB\n[CUDA] Persistent particle buffer released.\n"
cpu,cpu,True,wash,1000,1,10000,0,0.4518833930000028,0.3914,10000.0,10000.0,160.0,25546.3168,0.0391,0.0001,0.0389,0.3894,0.0,./bin/rotea_sim --mode cpu --headless --particles 1000 --step wash --steps 10000,"Particles: 1000 total (900 fluid, 100 cells)\nMode: cpu\nStep: wash\nHeadless: true\nUpdate steps: 10000\n\n========== Headless Benchmark ==========\nMode: cpu\nStep: wash\nParticles: 1000\nUpdate steps: 10000\nSimulated seconds: 160\n=======================================\n\n========== Benchmark Summary ==========\nMode: cpu\nStep: wash\nParticles: 1000\nFrames: 10000\nOverall runtime: 0.3914 s\nAverage FPS: 25546.3168\nAverage full frame runtime: 0.0391 ms/frame\nAverage system update runtime: 0.0001 ms/frame\nAverage CPU particle update runtime: 0.0389 ms/frame\nTotal CPU particle update runtime: 0.3894 s\nAverage render/swap/poll runtime: 0.0000 ms/frame\n=======================================\n",
cpu,cpu,True,wash,1000,2,10000,0,0.43586786700006996,0.3734,10000.0,10000.0,160.0,26780.1736,0.0373,0.0001,0.0371,0.3715,0.0,./bin/rotea_sim --mode cpu --headless --particles 1000 --step wash --steps 10000,"Particles: 1000 total (900 fluid, 100 cells)\nMode: cpu\nStep: wash\nHeadless: true\nUpdate steps: 10000\n\n========== Headless Benchmark ==========\nMode: cpu\nStep: wash\nParticles: 1000\nUpdate steps: 10000\nSimulated seconds: 160\n=======================================\n\n========== Benchmark Summary ==========\nMode: cpu\nStep: wash\nParticles: 1000\nFrames: 10000\nOverall runtime: 0.3734 s\nAverage FPS: 26780.1736\nAverage full frame runtime: 0.0373 ms/frame\nAverage system update runtime: 0.0001 ms/frame\nAverage CPU particle update runtime: 0.0371 ms/frame\nTotal CPU particle update runtime: 0.3715 s\nAverage render/swap/poll runtime: 0.0000 ms/frame\n=======================================\n",
cpu,cpu,True,wash,1000,3,10000,0,0.43253043799995794,0.3697,10000.0,10000.0,160.0,27051.026,0.0369,0.0001,0.0368,0.3678,0.0,./bin/rotea_sim --mode cpu --headless --particles 1000 --step wash --steps 10000,"Particles: 1000 total (900 fluid, 100 cells)\nMode: cpu\nStep: wash\nHeadless: true\nUpdate steps: 10000\n\n========== Headless Benchmark ==========\nMode: cpu\nStep: wash\nParticles: 1000\nUpdate steps: 10000\nSimulated seconds: 160\n=======================================\n\n========== Benchmark Summary ==========\nMode: cpu\nStep: wash\nParticles: 1000\nFrames: 10000\nOverall runtime: 0.3697 s\nAverage FPS: 27051.0260\nAverage full frame runtime: 0.0369 ms/frame\nAverage system update runtime: 0.0001 ms/frame\nAverage CPU particle update runtime: 0.0368 ms/frame\nTotal CPU particle update runtime: 0.3678 s\nAverage render/swap/poll runtime: 0.0000 ms/frame\n=======================================\n",
cuda,cuda,True,wash,1000,1,10000,0,1.6872076519999837,0.7568,10000.0,10000.0,160.0,13213.3771,0.0756,0.0001,0.0754,0.7543,0.0,./bin/rotea_sim_cuda --mode cuda --headless --particles 1000 --step wash --steps 10000,"Particles: 1000 total (900 fluid, 100 cells)\nMode: cuda\nStep: wash\nHeadless: true\nUpdate steps: 10000\n\n========== Headless Benchmark ==========\nMode: cuda\nStep: wash\nParticles: 1000\nUpdate steps: 10000\nSimulated seconds: 160\n=======================================\n\n========== Benchmark Summary ==========\nMode: cuda\nStep: wash\nParticles: 1000\nFrames: 10000\nOverall runtime: 0.7568 s\nAverage FPS: 13213.3771\nAverage full frame runtime: 0.0756 ms/frame\nAverage system update runtime: 0.0001 ms/frame\nAverage CUDA particle update runtime: 0.0754 ms/frame\nTotal CUDA particle update runtime: 0.7543 s\nAverage render/swap/poll runtime: 0.0000 ms/frame\n=======================================\n","[CUDA ENGINE] using persistent CUDA particle buffer\n[CUDA] Persistent particle buffer allocated: 1000 particles, 0.03 MB\n[CUDA] Persistent particle buffer released.\n"
cuda,cuda,True,wash,1000,2,10000,0,1.4551607339999464,0.7728,10000.0,10000.0,160.0,12939.4138,0.0772,0.0001,0.077,0.7703,0.0,./bin/rotea_sim_cuda --mode cuda --headless --particles 1000 --step wash --steps 10000,"Particles: 1000 total (900 fluid, 100 cells)\nMode: cuda\nStep: wash\nHeadless: true\nUpdate steps: 10000\n\n========== Headless Benchmark ==========\nMode: cuda\nStep: wash\nParticles: 1000\nUpdate steps: 10000\nSimulated seconds: 160\n=======================================\n\n========== Benchmark Summary ==========\nMode: cuda\nStep: wash\nParticles: 1000\nFrames: 10000\nOverall runtime: 0.7728 s\nAverage FPS: 12939.4138\nAverage full frame runtime: 0.0772 ms/frame\nAverage system update runtime: 0.0001 ms/frame\nAverage CUDA particle update runtime: 0.0770 ms/frame\nTotal CUDA particle update runtime: 0.7703 s\nAverage render/swap/poll runtime: 0.0000 ms/frame\n=======================================\n","[CUDA ENGINE] using persistent CUDA particle buffer\n[CUDA] Persistent particle buffer allocated: 1000 particles, 0.03 MB\n[CUDA] Persistent particle buffer released.\n"
cuda,cuda,True,wash,1000,3,10000,0,1.5213868429999593,0.7542,10000.0,10000.0,160.0,13258.8709,0.0754,0.0001,0.0752,0.7518,0.0,./bin/rotea_sim_cuda --mode cuda --headless --particles 1000 --step wash --steps 10000,"Particles: 1000 total (900 fluid, 100 cells)\nMode: cuda\nStep: wash\nHeadless: true\nUpdate steps: 10000\n\n========== Headless Benchmark ==========\nMode: cuda\nStep: wash\nParticles: 1000\nUpdate steps: 10000\nSimulated seconds: 160\n=======================================\n\n========== Benchmark Summary ==========\nMode: cuda\nStep: wash\nParticles: 1000\nFrames: 10000\nOverall runtime: 0.7542 s\nAverage FPS: 13258.8709\nAverage full frame runtime: 0.0754 ms/frame\nAverage system update runtime: 0.0001 ms/frame\nAverage CUDA particle update runtime: 0.0752 ms/frame\nTotal CUDA particle update runtime: 0.7518 s\nAverage render/swap/poll runtime: 0.0000 ms/frame\n=======================================\n","[CUDA ENGINE] using persistent CUDA particle buffer\n[CUDA] Persistent particle buffer allocated: 1000 particles, 0.03 MB\n[CUDA] Persistent particle buffer released.\n"
cpu,cpu,True,harvest,1000,1,10000,0,0.44371464999994714,0.3699,10000.0,10000.0,160.0,27033.9029,0.037,0.0001,0.0368,0.368,0.0,./bin/rotea_sim --mode cpu --headless --particles 1000 --step harvest --steps 10000,"Particles: 1000 total (900 fluid, 100 cells)\nMode: cpu\nStep: harvest\nHeadless: true\nUpdate steps: 10000\n\n========== Headless Benchmark ==========\nMode: cpu\nStep: harvest\nParticles: 1000\nUpdate steps: 10000\nSimulated seconds: 160\n=======================================\n\n========== Benchmark Summary ==========\nMode: cpu\nStep: harvest\nParticles: 1000\nFrames: 10000\nOverall runtime: 0.3699 s\nAverage FPS: 27033.9029\nAverage full frame runtime: 0.0370 ms/frame\nAverage system update runtime: 0.0001 ms/frame\nAverage CPU particle update runtime: 0.0368 ms/frame\nTotal CPU particle update runtime: 0.3680 s\nAverage render/swap/poll runtime: 0.0000 ms/frame\n=======================================\n",
cpu,cpu,True,harvest,1000,2,10000,0,0.45307119699998566,0.3744,10000.0,10000.0,160.0,26707.7834,0.0374,0.0001,0.0373,0.3725,0.0,./bin/rotea_sim --mode cpu --headless --particles 1000 --step harvest --steps 10000,"Particles: 1000 total (900 fluid, 100 cells)\nMode: cpu\nStep: harvest\nHeadless: true\nUpdate steps: 10000\n\n========== Headless Benchmark ==========\nMode: cpu\nStep: harvest\nParticles: 1000\nUpdate steps: 10000\nSimulated seconds: 160\n=======================================\n\n========== Benchmark Summary ==========\nMode: cpu\nStep: harvest\nParticles: 1000\nFrames: 10000\nOverall runtime: 0.3744 s\nAverage FPS: 26707.7834\nAverage full frame runtime: 0.0374 ms/frame\nAverage system update runtime: 0.0001 ms/frame\nAverage CPU particle update runtime: 0.0373 ms/frame\nTotal CPU particle update runtime: 0.3725 s\nAverage render/swap/poll runtime: 0.0000 ms/frame\n=======================================\n",
cpu,cpu,True,harvest,1000,3,10000,0,0.4499007749999464,0.3777,10000.0,10000.0,160.0,26476.3807,0.0377,0.0001,0.0376,0.3757,0.0,./bin/rotea_sim --mode cpu --headless --particles 1000 --step harvest --steps 10000,"Particles: 1000 total (900 fluid, 100 cells)\nMode: cpu\nStep: harvest\nHeadless: true\nUpdate steps: 10000\n\n========== Headless Benchmark ==========\nMode: cpu\nStep: harvest\nParticles: 1000\nUpdate steps: 10000\nSimulated seconds: 160\n=======================================\n\n========== Benchmark Summary ==========\nMode: cpu\nStep: harvest\nParticles: 1000\nFrames: 10000\nOverall runtime: 0.3777 s\nAverage FPS: 26476.3807\nAverage full frame runtime: 0.0377 ms/frame\nAverage system update runtime: 0.0001 ms/frame\nAverage CPU particle update runtime: 0.0376 ms/frame\nTotal CPU particle update runtime: 0.3757 s\nAverage render/swap/poll runtime: 0.0000 ms/frame\n=======================================\n",
cuda,cuda,True,harvest,1000,1,10000,0,1.4922190190000038,0.7825,10000.0,10000.0,160.0,12779.6836,0.0782,0.0001,0.078,0.78,0.0,./bin/rotea_sim_cuda --mode cuda --headless --particles 1000 --step harvest --steps 10000,"Particles: 1000 total (900 fluid, 100 cells)\nMode: cuda\nStep: harvest\nHeadless: true\nUpdate steps: 10000\n\n========== Headless Benchmark ==========\nMode: cuda\nStep: harvest\nParticles: 1000\nUpdate steps: 10000\nSimulated seconds: 160\n=======================================\n\n========== Benchmark Summary ==========\nMode: cuda\nStep: harvest\nParticles: 1000\nFrames: 10000\nOverall runtime: 0.7825 s\nAverage FPS: 12779.6836\nAverage full frame runtime: 0.0782 ms/frame\nAverage system update runtime: 0.0001 ms/frame\nAverage CUDA particle update runtime: 0.0780 ms/frame\nTotal CUDA particle update runtime: 0.7800 s\nAverage render/swap/poll runtime: 0.0000 ms/frame\n=======================================\n","[CUDA ENGINE] using persistent CUDA particle buffer\n[CUDA] Persistent particle buffer allocated: 1000 particles, 0.03 MB\n[CUDA] Persistent particle buffer released.\n"
cuda,cuda,True,harvest,1000,2,10000,0,1.4662083750000647,0.761,10000.0,10000.0,160.0,13139.9239,0.0761,0.0001,0.0759,0.7586,0.0,./bin/rotea_sim_cuda --mode cuda --headless --particles 1000 --step harvest --steps 10000,"Particles: 1000 total (900 fluid, 100 cells)\nMode: cuda\nStep: harvest\nHeadless: true\nUpdate steps: 10000\n\n========== Headless Benchmark ==========\nMode: cuda\nStep: harvest\nParticles: 1000\nUpdate steps: 10000\nSimulated seconds: 160\n=======================================\n\n========== Benchmark Summary ==========\nMode: cuda\nStep: harvest\nParticles: 1000\nFrames: 10000\nOverall runtime: 0.7610 s\nAverage FPS: 13139.9239\nAverage full frame runtime: 0.0761 ms/frame\nAverage system update runtime: 0.0001 ms/frame\nAverage CUDA particle update runtime: 0.0759 ms/frame\nTotal CUDA particle update runtime: 0.7586 s\nAverage render/swap/poll runtime: 0.0000 ms/frame\n=======================================\n","[CUDA ENGINE] using persistent CUDA particle buffer\n[CUDA] Persistent particle buffer allocated: 1000 particles, 0.03 MB\n[CUDA] Persistent particle buffer released.\n"
cuda,cuda,True,harvest,1000,3,10000,0,1.5857677509999348,0.7423,10000.0,10000.0,160.0,13470.784,0.0742,0.0001,0.074,0.7399,0.0,./bin/rotea_sim_cuda --mode cuda --headless --particles 1000 --step harvest --steps 10000,"Particles: 1000 total (900 fluid, 100 cells)\nMode: cuda\nStep: harvest\nHeadless: true\nUpdate steps: 10000\n\n========== Headless Benchmark ==========\nMode: cuda\nStep: harvest\nParticles: 1000\nUpdate steps: 10000\nSimulated seconds: 160\n=======================================\n\n========== Benchmark Summary ==========\nMode: cuda\nStep: harvest\nParticles: 1000\nFrames: 10000\nOverall runtime: 0.7423 s\nAverage FPS: 13470.7840\nAverage full frame runtime: 0.0742 ms/frame\nAverage system update runtime: 0.0001 ms/frame\nAverage CUDA particle update runtime: 0.0740 ms/frame\nTotal CUDA particle update runtime: 0.7399 s\nAverage render/swap/poll runtime: 0.0000 ms/frame\n=======================================\n","[CUDA ENGINE] using persistent CUDA particle buffer\n[CUDA] Persistent particle buffer allocated: 1000 particles, 0.03 MB\n[CUDA] Persistent particle buffer released.\n"
cpu,cpu,True,protocol,2000,1,10000,0,0.8348385460000145,0.7432,10000.0,10000.0,160.0,13455.0277,0.0743,0.0001,0.0741,0.7405,0.0,./bin/rotea_sim --mode cpu --headless --particles 2000 --step protocol --steps 10000,0\nPhase complete: Wash | retained=0.618225 | suspended=0.00130014 | omega=156\nPhase complete: Harvest | retained=0.167591 | suspended=0 | omega=48\nPhase complete: Load | retained=0.428657 | suspended=0.0061375 | omega=72\nPhase complete: Concentrate | retained=0.613941 | suspended=0.000937711 | omega=180\nPhase complete: Wash | retained=0.785825 | suspended=0.00130014 | omega=156\nPhase complete: Harvest | retained=0.335184 | suspended=0 | omega=48\nPhase complete: Load | retained=0.59625 | suspended=0.0061375 | omega=72\nPhase complete: Concentrate | retained=0.781534 | suspended=0.000937711 | omega=180\nPhase complete: Wash | retained=0.953419 | suspended=0.00130014 | omega=156\nPhase complete: Harvest | retained=0.502771 | suspended=0 | omega=48\nPhase complete: Load | retained=0.763837 | suspended=0.0061375 | omega=72\nPhase complete: Concentrate | retained=0.949121 | suspended=0.000937711 | omega=180\n\n========== Headless Benchmark ==========\nMode: cpu\nStep: protocol\nParticles: 2000\nUpdate steps: 10000\nSimulated seconds: 160\n=======================================\n\n========== Benchmark Summary ==========\nMode: cpu\nStep: protocol\nParticles: 2000\nFrames: 10000\nOverall runtime: 0.7432 s\nAverage FPS: 13455.0277\nAverage full frame runtime: 0.0743 ms/frame\nAverage system update runtime: 0.0001 ms/frame\nAverage CPU particle update runtime: 0.0741 ms/frame\nTotal CPU particle update runtime: 0.7405 s\nAverage render/swap/poll runtime: 0.0000 ms/frame\n=======================================\n,
cpu,cpu,True,protocol,2000,2,10000,0,0.8118436319999773,0.7438,10000.0,10000.0,160.0,13444.2198,0.0743,0.0001,0.0741,0.7412,0.0,./bin/rotea_sim --mode cpu --headless --particles 2000 --step protocol --steps 10000,0\nPhase complete: Wash | retained=0.618225 | suspended=0.00130014 | omega=156\nPhase complete: Harvest | retained=0.167591 | suspended=0 | omega=48\nPhase complete: Load | retained=0.428657 | suspended=0.0061375 | omega=72\nPhase complete: Concentrate | retained=0.613941 | suspended=0.000937711 | omega=180\nPhase complete: Wash | retained=0.785825 | suspended=0.00130014 | omega=156\nPhase complete: Harvest | retained=0.335184 | suspended=0 | omega=48\nPhase complete: Load | retained=0.59625 | suspended=0.0061375 | omega=72\nPhase complete: Concentrate | retained=0.781534 | suspended=0.000937711 | omega=180\nPhase complete: Wash | retained=0.953419 | suspended=0.00130014 | omega=156\nPhase complete: Harvest | retained=0.502771 | suspended=0 | omega=48\nPhase complete: Load | retained=0.763837 | suspended=0.0061375 | omega=72\nPhase complete: Concentrate | retained=0.949121 | suspended=0.000937711 | omega=180\n\n========== Headless Benchmark ==========\nMode: cpu\nStep: protocol\nParticles: 2000\nUpdate steps: 10000\nSimulated seconds: 160\n=======================================\n\n========== Benchmark Summary ==========\nMode: cpu\nStep: protocol\nParticles: 2000\nFrames: 10000\nOverall runtime: 0.7438 s\nAverage FPS: 13444.2198\nAverage full frame runtime: 0.0743 ms/frame\nAverage system update runtime: 0.0001 ms/frame\nAverage CPU particle update runtime: 0.0741 ms/frame\nTotal CPU particle update runtime: 0.7412 s\nAverage render/swap/poll runtime: 0.0000 ms/frame\n=======================================\n,
cpu,cpu,True,protocol,2000,3,10000,0,0.8069542400000955,0.7283,10000.0,10000.0,160.0,13730.2562,0.0728,0.0001,0.0726,0.7258,0.0,./bin/rotea_sim --mode cpu --headless --particles 2000 --step protocol --steps 10000,0\nPhase complete: Wash | retained=0.618225 | suspended=0.00130014 | omega=156\nPhase complete: Harvest | retained=0.167591 | suspended=0 | omega=48\nPhase complete: Load | retained=0.428657 | suspended=0.0061375 | omega=72\nPhase complete: Concentrate | retained=0.613941 | suspended=0.000937711 | omega=180\nPhase complete: Wash | retained=0.785825 | suspended=0.00130014 | omega=156\nPhase complete: Harvest | retained=0.335184 | suspended=0 | omega=48\nPhase complete: Load | retained=0.59625 | suspended=0.0061375 | omega=72\nPhase complete: Concentrate | retained=0.781534 | suspended=0.000937711 | omega=180\nPhase complete: Wash | retained=0.953419 | suspended=0.00130014 | omega=156\nPhase complete: Harvest | retained=0.502771 | suspended=0 | omega=48\nPhase complete: Load | retained=0.763837 | suspended=0.0061375 | omega=72\nPhase complete: Concentrate | retained=0.949121 | suspended=0.000937711 | omega=180\n\n========== Headless Benchmark ==========\nMode: cpu\nStep: protocol\nParticles: 2000\nUpdate steps: 10000\nSimulated seconds: 160\n=======================================\n\n========== Benchmark Summary ==========\nMode: cpu\nStep: protocol\nParticles: 2000\nFrames: 10000\nOverall runtime: 0.7283 s\nAverage FPS: 13730.2562\nAverage full frame runtime: 0.0728 ms/frame\nAverage system update runtime: 0.0001 ms/frame\nAverage CPU particle update runtime: 0.0726 ms/frame\nTotal CPU particle update runtime: 0.7258 s\nAverage render/swap/poll runtime: 0.0000 ms/frame\n=======================================\n,
cuda,cuda,True,protocol,2000,1,10000,0,2.4852852700000767,1.1277,10000.0,10000.0,160.0,8867.6826,0.1127,0.0001,0.1124,1.1245,0.0,./bin/rotea_sim_cuda --mode cuda --headless --particles 2000 --step protocol --steps 10000,hase complete: Wash | retained=0.618225 | suspended=0.00130014 | omega=156\nPhase complete: Harvest | retained=0.167591 | suspended=0 | omega=48\nPhase complete: Load | retained=0.428657 | suspended=0.0061375 | omega=72\nPhase complete: Concentrate | retained=0.613941 | suspended=0.000937711 | omega=180\nPhase complete: Wash | retained=0.785825 | suspended=0.00130014 | omega=156\nPhase complete: Harvest | retained=0.335184 | suspended=0 | omega=48\nPhase complete: Load | retained=0.59625 | suspended=0.0061375 | omega=72\nPhase complete: Concentrate | retained=0.781534 | suspended=0.000937711 | omega=180\nPhase complete: Wash | retained=0.953419 | suspended=0.00130014 | omega=156\nPhase complete: Harvest | retained=0.502771 | suspended=0 | omega=48\nPhase complete: Load | retained=0.763837 | suspended=0.0061375 | omega=72\nPhase complete: Concentrate | retained=0.949121 | suspended=0.000937711 | omega=180\n\n========== Headless Benchmark ==========\nMode: cuda\nStep: protocol\nParticles: 2000\nUpdate steps: 10000\nSimulated seconds: 160\n=======================================\n\n========== Benchmark Summary ==========\nMode: cuda\nStep: protocol\nParticles: 2000\nFrames: 10000\nOverall runtime: 1.1277 s\nAverage FPS: 8867.6826\nAverage full frame runtime: 0.1127 ms/frame\nAverage system update runtime: 0.0001 ms/frame\nAverage CUDA particle update runtime: 0.1124 ms/frame\nTotal CUDA particle update runtime: 1.1245 s\nAverage render/swap/poll runtime: 0.0000 ms/frame\n=======================================\n,"[CUDA ENGINE] using persistent CUDA particle buffer\n[CUDA] Persistent particle buffer allocated: 2000 particles, 0.07 MB\n[CUDA] Persistent particle buffer released.\n"
cuda,cuda,True,protocol,2000,2,10000,0,1.9063000809999266,1.2054,10000.0,10000.0,160.0,8296.1669,0.1205,0.0001,0.1202,1.2019,0.0,./bin/rotea_sim_cuda --mode cuda --headless --particles 2000 --step protocol --steps 10000,hase complete: Wash | retained=0.618225 | suspended=0.00130014 | omega=156\nPhase complete: Harvest | retained=0.167591 | suspended=0 | omega=48\nPhase complete: Load | retained=0.428657 | suspended=0.0061375 | omega=72\nPhase complete: Concentrate | retained=0.613941 | suspended=0.000937711 | omega=180\nPhase complete: Wash | retained=0.785825 | suspended=0.00130014 | omega=156\nPhase complete: Harvest | retained=0.335184 | suspended=0 | omega=48\nPhase complete: Load | retained=0.59625 | suspended=0.0061375 | omega=72\nPhase complete: Concentrate | retained=0.781534 | suspended=0.000937711 | omega=180\nPhase complete: Wash | retained=0.953419 | suspended=0.00130014 | omega=156\nPhase complete: Harvest | retained=0.502771 | suspended=0 | omega=48\nPhase complete: Load | retained=0.763837 | suspended=0.0061375 | omega=72\nPhase complete: Concentrate | retained=0.949121 | suspended=0.000937711 | omega=180\n\n========== Headless Benchmark ==========\nMode: cuda\nStep: protocol\nParticles: 2000\nUpdate steps: 10000\nSimulated seconds: 160\n=======================================\n\n========== Benchmark Summary ==========\nMode: cuda\nStep: protocol\nParticles: 2000\nFrames: 10000\nOverall runtime: 1.2054 s\nAverage FPS: 8296.1669\nAverage full frame runtime: 0.1205 ms/frame\nAverage system update runtime: 0.0001 ms/frame\nAverage CUDA particle update runtime: 0.1202 ms/frame\nTotal CUDA particle update runtime: 1.2019 s\nAverage render/swap/poll runtime: 0.0000 ms/frame\n=======================================\n,"[CUDA ENGINE] using persistent CUDA particle buffer\n[CUDA] Persistent particle buffer allocated: 2000 particles, 0.07 MB\n[CUDA] Persistent particle buffer released.\n"
cuda,cuda,True,protocol,2000,3,10000,0,1.770266463999974,1.1514,10000.0,10000.0,160.0,8685.3486,0.1151,0.0001,0.1148,1.1481,0.0,./bin/rotea_sim_cuda --mode cuda --headless --particles 2000 --step protocol --steps 10000,hase complete: Wash | retained=0.618225 | suspended=0.00130014 | omega=156\nPhase complete: Harvest | retained=0.167591 | suspended=0 | omega=48\nPhase complete: Load | retained=0.428657 | suspended=0.0061375 | omega=72\nPhase complete: Concentrate | retained=0.613941 | suspended=0.000937711 | omega=180\nPhase complete: Wash | retained=0.785825 | suspended=0.00130014 | omega=156\nPhase complete: Harvest | retained=0.335184 | suspended=0 | omega=48\nPhase complete: Load | retained=0.59625 | suspended=0.0061375 | omega=72\nPhase complete: Concentrate | retained=0.781534 | suspended=0.000937711 | omega=180\nPhase complete: Wash | retained=0.953419 | suspended=0.00130014 | omega=156\nPhase complete: Harvest | retained=0.502771 | suspended=0 | omega=48\nPhase complete: Load | retained=0.763837 | suspended=0.0061375 | omega=72\nPhase complete: Concentrate | retained=0.949121 | suspended=0.000937711 | omega=180\n\n========== Headless Benchmark ==========\nMode: cuda\nStep: protocol\nParticles: 2000\nUpdate steps: 10000\nSimulated seconds: 160\n=======================================\n\n========== Benchmark Summary ==========\nMode: cuda\nStep: protocol\nParticles: 2000\nFrames: 10000\nOverall runtime: 1.1514 s\nAverage FPS: 8685.3486\nAverage full frame runtime: 0.1151 ms/frame\nAverage system update runtime: 0.0001 ms/frame\nAverage CUDA particle update runtime: 0.1148 ms/frame\nTotal CUDA particle update runtime: 1.1481 s\nAverage render/swap/poll runtime: 0.0000 ms/frame\n=======================================\n,"[CUDA ENGINE] using persistent CUDA particle buffer\n[CUDA] Persistent particle buffer allocated: 2000 particles, 0.07 MB\n[CUDA] Persistent particle buffer released.\n"
cpu,cpu,True,load,2000,1,10000,0,0.7983120500000496,0.7358,10000.0,10000.0,160.0,13590.5564,0.0735,0.0001,0.0734,0.7338,0.0,./bin/rotea_sim --mode cpu --headless --particles 2000 --step load --steps 10000,"Particles: 2000 total (1800 fluid, 200 cells)\nMode: cpu\nStep: load\nHeadless: true\nUpdate steps: 10000\n\n========== Headless Benchmark ==========\nMode: cpu\nStep: load\nParticles: 2000\nUpdate steps: 10000\nSimulated seconds: 160\n=======================================\n\n========== Benchmark Summary ==========\nMode: cpu\nStep: load\nParticles: 2000\nFrames: 10000\nOverall runtime: 0.7358 s\nAverage FPS: 13590.5564\nAverage full frame runtime: 0.0735 ms/frame\nAverage system update runtime: 0.0001 ms/frame\nAverage CPU particle update runtime: 0.0734 ms/frame\nTotal CPU particle update runtime: 0.7338 s\nAverage render/swap/poll runtime: 0.0000 ms/frame\n=======================================\n",
cpu,cpu,True,load,2000,2,10000,0,0.8281721560000506,0.7552,10000.0,10000.0,160.0,13241.8087,0.0755,0.0001,0.0753,0.7531,0.0,./bin/rotea_sim --mode cpu --headless --particles 2000 --step load --steps 10000,"Particles: 2000 total (1800 fluid, 200 cells)\nMode: cpu\nStep: load\nHeadless: true\nUpdate steps: 10000\n\n========== Headless Benchmark ==========\nMode: cpu\nStep: load\nParticles: 2000\nUpdate steps: 10000\nSimulated seconds: 160\n=======================================\n\n========== Benchmark Summary ==========\nMode: cpu\nStep: load\nParticles: 2000\nFrames: 10000\nOverall runtime: 0.7552 s\nAverage FPS: 13241.8087\nAverage full frame runtime: 0.0755 ms/frame\nAverage system update runtime: 0.0001 ms/frame\nAverage CPU particle update runtime: 0.0753 ms/frame\nTotal CPU particle update runtime: 0.7531 s\nAverage render/swap/poll runtime: 0.0000 ms/frame\n=======================================\n",
cpu,cpu,True,load,2000,3,10000,0,0.8160481540001001,0.7396,10000.0,10000.0,160.0,13520.6526,0.0739,0.0001,0.0738,0.7376,0.0,./bin/rotea_sim --mode cpu --headless --particles 2000 --step load --steps 10000,"Particles: 2000 total (1800 fluid, 200 cells)\nMode: cpu\nStep: load\nHeadless: true\nUpdate steps: 10000\n\n========== Headless Benchmark ==========\nMode: cpu\nStep: load\nParticles: 2000\nUpdate steps: 10000\nSimulated seconds: 160\n=======================================\n\n========== Benchmark Summary ==========\nMode: cpu\nStep: load\nParticles: 2000\nFrames: 10000\nOverall runtime: 0.7396 s\nAverage FPS: 13520.6526\nAverage full frame runtime: 0.0739 ms/frame\nAverage system update runtime: 0.0001 ms/frame\nAverage CPU particle update runtime: 0.0738 ms/frame\nTotal CPU particle update runtime: 0.7376 s\nAverage render/swap/poll runtime: 0.0000 ms/frame\n=======================================\n",
cuda,cuda,True,load,2000,1,10000,0,2.415945362000002,1.1519,10000.0,10000.0,160.0,8680.9981,0.1152,0.0001,0.1149,1.1494,0.0,./bin/rotea_sim_cuda --mode cuda --headless --particles 2000 --step load --steps 10000,"Particles: 2000 total (1800 fluid, 200 cells)\nMode: cuda\nStep: load\nHeadless: true\nUpdate steps: 10000\n\n========== Headless Benchmark ==========\nMode: cuda\nStep: load\nParticles: 2000\nUpdate steps: 10000\nSimulated seconds: 160\n=======================================\n\n========== Benchmark Summary ==========\nMode: cuda\nStep: load\nParticles: 2000\nFrames: 10000\nOverall runtime: 1.1519 s\nAverage FPS: 8680.9981\nAverage full frame runtime: 0.1152 ms/frame\nAverage system update runtime: 0.0001 ms/frame\nAverage CUDA particle update runtime: 0.1149 ms/frame\nTotal CUDA particle update runtime: 1.1494 s\nAverage render/swap/poll runtime: 0.0000 ms/frame\n=======================================\n","[CUDA ENGINE] using persistent CUDA particle buffer\n[CUDA] Persistent particle buffer allocated: 2000 particles, 0.07 MB\n[CUDA] Persistent particle buffer released.\n"
cuda,cuda,True,load,2000,2,10000,0,1.677734993999934,1.1487,10000.0,10000.0,160.0,8705.618,0.1148,0.0001,0.1146,1.146,0.0,./bin/rotea_sim_cuda --mode cuda --headless --particles 2000 --step load --steps 10000,"Particles: 2000 total (1800 fluid, 200 cells)\nMode: cuda\nStep: load\nHeadless: true\nUpdate steps: 10000\n\n========== Headless Benchmark ==========\nMode: cuda\nStep: load\nParticles: 2000\nUpdate steps: 10000\nSimulated seconds: 160\n=======================================\n\n========== Benchmark Summary ==========\nMode: cuda\nStep: load\nParticles: 2000\nFrames: 10000\nOverall runtime: 1.1487 s\nAverage FPS: 8705.6180\nAverage full frame runtime: 0.1148 ms/frame\nAverage system update runtime: 0.0001 ms/frame\nAverage CUDA particle update runtime: 0.1146 ms/frame\nTotal CUDA particle update runtime: 1.1460 s\nAverage render/swap/poll runtime: 0.0000 ms/frame\n=======================================\n","[CUDA ENGINE] using persistent CUDA particle buffer\n[CUDA] Persistent particle buffer allocated: 2000 particles, 0.07 MB\n[CUDA] Persistent particle buffer released.\n"
cuda,cuda,True,load,2000,3,10000,0,1.9100225739999814,1.1946,10000.0,10000.0,160.0,8370.7653,0.1194,0.0001,0.1192,1.1919,0.0,./bin/rotea_sim_cuda --mode cuda --headless --particles 2000 --step load --steps 10000,"Particles: 2000 total (1800 fluid, 200 cells)\nMode: cuda\nStep: load\nHeadless: true\nUpdate steps: 10000\n\n========== Headless Benchmark ==========\nMode: cuda\nStep: load\nParticles: 2000\nUpdate steps: 10000\nSimulated seconds: 160\n=======================================\n\n========== Benchmark Summary ==========\nMode: cuda\nStep: load\nParticles: 2000\nFrames: 10000\nOverall runtime: 1.1946 s\nAverage FPS: 8370.7653\nAverage full frame runtime: 0.1194 ms/frame\nAverage system update runtime: 0.0001 ms/frame\nAverage CUDA particle update runtime: 0.1192 ms/frame\nTotal CUDA particle update runtime: 1.1919 s\nAverage render/swap/poll runtime: 0.0000 ms/frame\n=======================================\n","[CUDA ENGINE] using persistent CUDA particle buffer\n[CUDA] Persistent particle buffer allocated: 2000 particles, 0.07 MB\n[CUDA] Persistent particle buffer released.\n"
cpu,cpu,True,concentrate,2000,1,10000,0,0.8153767850000122,0.7479,10000.0,10000.0,160.0,13370.5222,0.0748,0.0001,0.0746,0.7458,0.0,./bin/rotea_sim --mode cpu --headless --particles 2000 --step concentrate --steps 10000,"Particles: 2000 total (1800 fluid, 200 cells)\nMode: cpu\nStep: concentrate\nHeadless: true\nUpdate steps: 10000\n\n========== Headless Benchmark ==========\nMode: cpu\nStep: concentrate\nParticles: 2000\nUpdate steps: 10000\nSimulated seconds: 160\n=======================================\n\n========== Benchmark Summary ==========\nMode: cpu\nStep: concentrate\nParticles: 2000\nFrames: 10000\nOverall runtime: 0.7479 s\nAverage FPS: 13370.5222\nAverage full frame runtime: 0.0748 ms/frame\nAverage system update runtime: 0.0001 ms/frame\nAverage CPU particle update runtime: 0.0746 ms/frame\nTotal CPU particle update runtime: 0.7458 s\nAverage render/swap/poll runtime: 0.0000 ms/frame\n=======================================\n",
cpu,cpu,True,concentrate,2000,2,10000,0,0.785613579000028,0.7301,10000.0,10000.0,160.0,13696.0879,0.073,0.0001,0.0728,0.7281,0.0,./bin/rotea_sim --mode cpu --headless --particles 2000 --step concentrate --steps 10000,"Particles: 2000 total (1800 fluid, 200 cells)\nMode: cpu\nStep: concentrate\nHeadless: true\nUpdate steps: 10000\n\n========== Headless Benchmark ==========\nMode: cpu\nStep: concentrate\nParticles: 2000\nUpdate steps: 10000\nSimulated seconds: 160\n=======================================\n\n========== Benchmark Summary ==========\nMode: cpu\nStep: concentrate\nParticles: 2000\nFrames: 10000\nOverall runtime: 0.7301 s\nAverage FPS: 13696.0879\nAverage full frame runtime: 0.0730 ms/frame\nAverage system update runtime: 0.0001 ms/frame\nAverage CPU particle update runtime: 0.0728 ms/frame\nTotal CPU particle update runtime: 0.7281 s\nAverage render/swap/poll runtime: 0.0000 ms/frame\n=======================================\n",
cpu,cpu,True,concentrate,2000,3,10000,0,0.8246241379999901,0.7549,10000.0,10000.0,160.0,13246.1647,0.0755,0.0001,0.0753,0.7528,0.0,./bin/rotea_sim --mode cpu --headless --particles 2000 --step concentrate --steps 10000,"Particles: 2000 total (1800 fluid, 200 cells)\nMode: cpu\nStep: concentrate\nHeadless: true\nUpdate steps: 10000\n\n========== Headless Benchmark ==========\nMode: cpu\nStep: concentrate\nParticles: 2000\nUpdate steps: 10000\nSimulated seconds: 160\n=======================================\n\n========== Benchmark Summary ==========\nMode: cpu\nStep: concentrate\nParticles: 2000\nFrames: 10000\nOverall runtime: 0.7549 s\nAverage FPS: 13246.1647\nAverage full frame runtime: 0.0755 ms/frame\nAverage system update runtime: 0.0001 ms/frame\nAverage CPU particle update runtime: 0.0753 ms/frame\nTotal CPU particle update runtime: 0.7528 s\nAverage render/swap/poll runtime: 0.0000 ms/frame\n=======================================\n",
cuda,cuda,True,concentrate,2000,1,10000,0,1.8477868130000843,1.1235,10000.0,10000.0,160.0,8900.7322,0.1123,0.0001,0.1121,1.121,0.0,./bin/rotea_sim_cuda --mode cuda --headless --particles 2000 --step concentrate --steps 10000,"Particles: 2000 total (1800 fluid, 200 cells)\nMode: cuda\nStep: concentrate\nHeadless: true\nUpdate steps: 10000\n\n========== Headless Benchmark ==========\nMode: cuda\nStep: concentrate\nParticles: 2000\nUpdate steps: 10000\nSimulated seconds: 160\n=======================================\n\n========== Benchmark Summary ==========\nMode: cuda\nStep: concentrate\nParticles: 2000\nFrames: 10000\nOverall runtime: 1.1235 s\nAverage FPS: 8900.7322\nAverage full frame runtime: 0.1123 ms/frame\nAverage system update runtime: 0.0001 ms/frame\nAverage CUDA particle update runtime: 0.1121 ms/frame\nTotal CUDA particle update runtime: 1.1210 s\nAverage render/swap/poll runtime: 0.0000 ms/frame\n=======================================\n","[CUDA ENGINE] using persistent CUDA particle buffer\n[CUDA] Persistent particle buffer allocated: 2000 particles, 0.07 MB\n[CUDA] Persistent particle buffer released.\n"
cuda,cuda,True,concentrate,2000,2,10000,0,1.703191027999992,1.144,10000.0,10000.0,160.0,8741.3073,0.1144,0.0001,0.1141,1.1414,0.0,./bin/rotea_sim_cuda --mode cuda --headless --particles 2000 --step concentrate --steps 10000,"Particles: 2000 total (1800 fluid, 200 cells)\nMode: cuda\nStep: concentrate\nHeadless: true\nUpdate steps: 10000\n\n========== Headless Benchmark ==========\nMode: cuda\nStep: concentrate\nParticles: 2000\nUpdate steps: 10000\nSimulated seconds: 160\n=======================================\n\n========== Benchmark Summary ==========\nMode: cuda\nStep: concentrate\nParticles: 2000\nFrames: 10000\nOverall runtime: 1.1440 s\nAverage FPS: 8741.3073\nAverage full frame runtime: 0.1144 ms/frame\nAverage system update runtime: 0.0001 ms/frame\nAverage CUDA particle update runtime: 0.1141 ms/frame\nTotal CUDA particle update runtime: 1.1414 s\nAverage render/swap/poll runtime: 0.0000 ms/frame\n=======================================\n","[CUDA ENGINE] using persistent CUDA particle buffer\n[CUDA] Persistent particle buffer allocated: 2000 particles, 0.07 MB\n[CUDA] Persistent particle buffer released.\n"
cuda,cuda,True,concentrate,2000,3,10000,0,1.7672735559999637,1.1954,10000.0,10000.0,160.0,8365.441,0.1195,0.0001,0.1193,1.1926,0.0,./bin/rotea_sim_cuda --mode cuda --headless --particles 2000 --step concentrate --steps 10000,"Particles: 2000 total (1800 fluid, 200 cells)\nMode: cuda\nStep: concentrate\nHeadless: true\nUpdate steps: 10000\n\n========== Headless Benchmark ==========\nMode: cuda\nStep: concentrate\nParticles: 2000\nUpdate steps: 10000\nSimulated seconds: 160\n=======================================\n\n========== Benchmark Summary ==========\nMode: cuda\nStep: concentrate\nParticles: 2000\nFrames: 10000\nOverall runtime: 1.1954 s\nAverage FPS: 8365.4410\nAverage full frame runtime: 0.1195 ms/frame\nAverage system update runtime: 0.0001 ms/frame\nAverage CUDA particle update runtime: 0.1193 ms/frame\nTotal CUDA particle update runtime: 1.1926 s\nAverage render/swap/poll runtime: 0.0000 ms/frame\n=======================================\n","[CUDA ENGINE] using persistent CUDA particle buffer\n[CUDA] Persistent particle buffer allocated: 2000 particles, 0.07 MB\n[CUDA] Persistent particle buffer released.\n"
cpu,cpu,True,wash,2000,1,10000,0,0.836328053000102,0.7573,10000.0,10000.0,160.0,13204.1381,0.0757,0.0001,0.0755,0.7552,0.0,./bin/rotea_sim --mode cpu --headless --particles 2000 --step wash --steps 10000,"Particles: 2000 total (1800 fluid, 200 cells)\nMode: cpu\nStep: wash\nHeadless: true\nUpdate steps: 10000\n\n========== Headless Benchmark ==========\nMode: cpu\nStep: wash\nParticles: 2000\nUpdate steps: 10000\nSimulated seconds: 160\n=======================================\n\n========== Benchmark Summary ==========\nMode: cpu\nStep: wash\nParticles: 2000\nFrames: 10000\nOverall runtime: 0.7573 s\nAverage FPS: 13204.1381\nAverage full frame runtime: 0.0757 ms/frame\nAverage system update runtime: 0.0001 ms/frame\nAverage CPU particle update runtime: 0.0755 ms/frame\nTotal CPU particle update runtime: 0.7552 s\nAverage render/swap/poll runtime: 0.0000 ms/frame\n=======================================\n",
cpu,cpu,True,wash,2000,2,10000,0,0.822016289999965,0.7461,10000.0,10000.0,160.0,13403.5301,0.0746,0.0001,0.0744,0.7439,0.0,./bin/rotea_sim --mode cpu --headless --particles 2000 --step wash --steps 10000,"Particles: 2000 total (1800 fluid, 200 cells)\nMode: cpu\nStep: wash\nHeadless: true\nUpdate steps: 10000\n\n========== Headless Benchmark ==========\nMode: cpu\nStep: wash\nParticles: 2000\nUpdate steps: 10000\nSimulated seconds: 160\n=======================================\n\n========== Benchmark Summary ==========\nMode: cpu\nStep: wash\nParticles: 2000\nFrames: 10000\nOverall runtime: 0.7461 s\nAverage FPS: 13403.5301\nAverage full frame runtime: 0.0746 ms/frame\nAverage system update runtime: 0.0001 ms/frame\nAverage CPU particle update runtime: 0.0744 ms/frame\nTotal CPU particle update runtime: 0.7439 s\nAverage render/swap/poll runtime: 0.0000 ms/frame\n=======================================\n",
cpu,cpu,True,wash,2000,3,10000,0,0.8884247170000208,0.7919,10000.0,10000.0,160.0,12627.1748,0.0792,0.0001,0.0789,0.7894,0.0,./bin/rotea_sim --mode cpu --headless --particles 2000 --step wash --steps 10000,"Particles: 2000 total (1800 fluid, 200 cells)\nMode: cpu\nStep: wash\nHeadless: true\nUpdate steps: 10000\n\n========== Headless Benchmark ==========\nMode: cpu\nStep: wash\nParticles: 2000\nUpdate steps: 10000\nSimulated seconds: 160\n=======================================\n\n========== Benchmark Summary ==========\nMode: cpu\nStep: wash\nParticles: 2000\nFrames: 10000\nOverall runtime: 0.7919 s\nAverage FPS: 12627.1748\nAverage full frame runtime: 0.0792 ms/frame\nAverage system update runtime: 0.0001 ms/frame\nAverage CPU particle update runtime: 0.0789 ms/frame\nTotal CPU particle update runtime: 0.7894 s\nAverage render/swap/poll runtime: 0.0000 ms/frame\n=======================================\n",
cuda,cuda,True,wash,2000,1,10000,0,2.3825957390000667,1.1428,10000.0,10000.0,160.0,8750.6495,0.1142,0.0001,0.114,1.1402,0.0,./bin/rotea_sim_cuda --mode cuda --headless --particles 2000 --step wash --steps 10000,"Particles: 2000 total (1800 fluid, 200 cells)\nMode: cuda\nStep: wash\nHeadless: true\nUpdate steps: 10000\n\n========== Headless Benchmark ==========\nMode: cuda\nStep: wash\nParticles: 2000\nUpdate steps: 10000\nSimulated seconds: 160\n=======================================\n\n========== Benchmark Summary ==========\nMode: cuda\nStep: wash\nParticles: 2000\nFrames: 10000\nOverall runtime: 1.1428 s\nAverage FPS: 8750.6495\nAverage full frame runtime: 0.1142 ms/frame\nAverage system update runtime: 0.0001 ms/frame\nAverage CUDA particle update runtime: 0.1140 ms/frame\nTotal CUDA particle update runtime: 1.1402 s\nAverage render/swap/poll runtime: 0.0000 ms/frame\n=======================================\n","[CUDA ENGINE] using persistent CUDA particle buffer\n[CUDA] Persistent particle buffer allocated: 2000 particles, 0.07 MB\n[CUDA] Persistent particle buffer released.\n"
cuda,cuda,True,wash,2000,2,10000,0,1.8815067430000454,1.1171,10000.0,10000.0,160.0,8951.6567,0.1117,0.0001,0.1115,1.1146,0.0,./bin/rotea_sim_cuda --mode cuda --headless --particles 2000 --step wash --steps 10000,"Particles: 2000 total (1800 fluid, 200 cells)\nMode: cuda\nStep: wash\nHeadless: true\nUpdate steps: 10000\n\n========== Headless Benchmark ==========\nMode: cuda\nStep: wash\nParticles: 2000\nUpdate steps: 10000\nSimulated seconds: 160\n=======================================\n\n========== Benchmark Summary ==========\nMode: cuda\nStep: wash\nParticles: 2000\nFrames: 10000\nOverall runtime: 1.1171 s\nAverage FPS: 8951.6567\nAverage full frame runtime: 0.1117 ms/frame\nAverage system update runtime: 0.0001 ms/frame\nAverage CUDA particle update runtime: 0.1115 ms/frame\nTotal CUDA particle update runtime: 1.1146 s\nAverage render/swap/poll runtime: 0.0000 ms/frame\n=======================================\n","[CUDA ENGINE] using persistent CUDA particle buffer\n[CUDA] Persistent particle buffer allocated: 2000 particles, 0.07 MB\n[CUDA] Persistent particle buffer released.\n"
cuda,cuda,True,wash,2000,3,10000,0,1.8117346799999723,1.1184,10000.0,10000.0,160.0,8941.6923,0.1118,0.0001,0.1116,1.1158,0.0,./bin/rotea_sim_cuda --mode cuda --headless --particles 2000 --step wash --steps 10000,"Particles: 2000 total (1800 fluid, 200 cells)\nMode: cuda\nStep: wash\nHeadless: true\nUpdate steps: 10000\n\n========== Headless Benchmark ==========\nMode: cuda\nStep: wash\nParticles: 2000\nUpdate steps: 10000\nSimulated seconds: 160\n=======================================\n\n========== Benchmark Summary ==========\nMode: cuda\nStep: wash\nParticles: 2000\nFrames: 10000\nOverall runtime: 1.1184 s\nAverage FPS: 8941.6923\nAverage full frame runtime: 0.1118 ms/frame\nAverage system update runtime: 0.0001 ms/frame\nAverage CUDA particle update runtime: 0.1116 ms/frame\nTotal CUDA particle update runtime: 1.1158 s\nAverage render/swap/poll runtime: 0.0000 ms/frame\n=======================================\n","[CUDA ENGINE] using persistent CUDA particle buffer\n[CUDA] Persistent particle buffer allocated: 2000 particles, 0.07 MB\n[CUDA] Persistent particle buffer released.\n"
cpu,cpu,True,harvest,2000,1,10000,0,0.8498980819999815,0.7655,10000.0,10000.0,160.0,13064.143,0.0765,0.0001,0.0763,0.7634,0.0,./bin/rotea_sim --mode cpu --headless --particles 2000 --step harvest --steps 10000,"Particles: 2000 total (1800 fluid, 200 cells)\nMode: cpu\nStep: harvest\nHeadless: true\nUpdate steps: 10000\n\n========== Headless Benchmark ==========\nMode: cpu\nStep: harvest\nParticles: 2000\nUpdate steps: 10000\nSimulated seconds: 160\n=======================================\n\n========== Benchmark Summary ==========\nMode: cpu\nStep: harvest\nParticles: 2000\nFrames: 10000\nOverall runtime: 0.7655 s\nAverage FPS: 13064.1430\nAverage full frame runtime: 0.0765 ms/frame\nAverage system update runtime: 0.0001 ms/frame\nAverage CPU particle update runtime: 0.0763 ms/frame\nTotal CPU particle update runtime: 0.7634 s\nAverage render/swap/poll runtime: 0.0000 ms/frame\n=======================================\n",
cpu,cpu,True,harvest,2000,2,10000,0,0.9171665959999018,0.7183,10000.0,10000.0,160.0,13921.2065,0.0718,0.0001,0.0716,0.7164,0.0,./bin/rotea_sim --mode cpu --headless --particles 2000 --step harvest --steps 10000,"Particles: 2000 total (1800 fluid, 200 cells)\nMode: cpu\nStep: harvest\nHeadless: true\nUpdate steps: 10000\n\n========== Headless Benchmark ==========\nMode: cpu\nStep: harvest\nParticles: 2000\nUpdate steps: 10000\nSimulated seconds: 160\n=======================================\n\n========== Benchmark Summary ==========\nMode: cpu\nStep: harvest\nParticles: 2000\nFrames: 10000\nOverall runtime: 0.7183 s\nAverage FPS: 13921.2065\nAverage full frame runtime: 0.0718 ms/frame\nAverage system update runtime: 0.0001 ms/frame\nAverage CPU particle update runtime: 0.0716 ms/frame\nTotal CPU particle update runtime: 0.7164 s\nAverage render/swap/poll runtime: 0.0000 ms/frame\n=======================================\n",
cpu,cpu,True,harvest,2000,3,10000,0,0.780765620000011,0.7267,10000.0,10000.0,160.0,13760.4752,0.0726,0.0001,0.0725,0.7247,0.0,./bin/rotea_sim --mode cpu --headless --particles 2000 --step harvest --steps 10000,"Particles: 2000 total (1800 fluid, 200 cells)\nMode: cpu\nStep: harvest\nHeadless: true\nUpdate steps: 10000\n\n========== Headless Benchmark ==========\nMode: cpu\nStep: harvest\nParticles: 2000\nUpdate steps: 10000\nSimulated seconds: 160\n=======================================\n\n========== Benchmark Summary ==========\nMode: cpu\nStep: harvest\nParticles: 2000\nFrames: 10000\nOverall runtime: 0.7267 s\nAverage FPS: 13760.4752\nAverage full frame runtime: 0.0726 ms/frame\nAverage system update runtime: 0.0001 ms/frame\nAverage CPU particle update runtime: 0.0725 ms/frame\nTotal CPU particle update runtime: 0.7247 s\nAverage render/swap/poll runtime: 0.0000 ms/frame\n=======================================\n",
cuda,cuda,True,harvest,2000,1,10000,0,2.315913661999957,1.0842,10000.0,10000.0,160.0,9223.3883,0.1084,0.0001,0.1082,1.0817,0.0,./bin/rotea_sim_cuda --mode cuda --headless --particles 2000 --step harvest --steps 10000,"Particles: 2000 total (1800 fluid, 200 cells)\nMode: cuda\nStep: harvest\nHeadless: true\nUpdate steps: 10000\n\n========== Headless Benchmark ==========\nMode: cuda\nStep: harvest\nParticles: 2000\nUpdate steps: 10000\nSimulated seconds: 160\n=======================================\n\n========== Benchmark Summary ==========\nMode: cuda\nStep: harvest\nParticles: 2000\nFrames: 10000\nOverall runtime: 1.0842 s\nAverage FPS: 9223.3883\nAverage full frame runtime: 0.1084 ms/frame\nAverage system update runtime: 0.0001 ms/frame\nAverage CUDA particle update runtime: 0.1082 ms/frame\nTotal CUDA particle update runtime: 1.0817 s\nAverage render/swap/poll runtime: 0.0000 ms/frame\n=======================================\n","[CUDA ENGINE] using persistent CUDA particle buffer\n[CUDA] Persistent particle buffer allocated: 2000 particles, 0.07 MB\n[CUDA] Persistent particle buffer released.\n"
cuda,cuda,True,harvest,2000,2,10000,0,1.9334982500000706,1.1243,10000.0,10000.0,160.0,8894.3907,0.1124,0.0001,0.1122,1.1216,0.0,./bin/rotea_sim_cuda --mode cuda --headless --particles 2000 --step harvest --steps 10000,"Particles: 2000 total (1800 fluid, 200 cells)\nMode: cuda\nStep: harvest\nHeadless: true\nUpdate steps: 10000\n\n========== Headless Benchmark ==========\nMode: cuda\nStep: harvest\nParticles: 2000\nUpdate steps: 10000\nSimulated seconds: 160\n=======================================\n\n========== Benchmark Summary ==========\nMode: cuda\nStep: harvest\nParticles: 2000\nFrames: 10000\nOverall runtime: 1.1243 s\nAverage FPS: 8894.3907\nAverage full frame runtime: 0.1124 ms/frame\nAverage system update runtime: 0.0001 ms/frame\nAverage CUDA particle update runtime: 0.1122 ms/frame\nTotal CUDA particle update runtime: 1.1216 s\nAverage render/swap/poll runtime: 0.0000 ms/frame\n=======================================\n","[CUDA ENGINE] using persistent CUDA particle buffer\n[CUDA] Persistent particle buffer allocated: 2000 particles, 0.07 MB\n[CUDA] Persistent particle buffer released.\n"
cuda,cuda,True,harvest,2000,3,10000,0,1.8641648389999546,1.1239,10000.0,10000.0,160.0,8897.5201,0.1123,0.0001,0.1121,1.1214,0.0,./bin/rotea_sim_cuda --mode cuda --headless --particles 2000 --step harvest --steps 10000,"Particles: 2000 total (1800 fluid, 200 cells)\nMode: cuda\nStep: harvest\nHeadless: true\nUpdate steps: 10000\n\n========== Headless Benchmark ==========\nMode: cuda\nStep: harvest\nParticles: 2000\nUpdate steps: 10000\nSimulated seconds: 160\n=======================================\n\n========== Benchmark Summary ==========\nMode: cuda\nStep: harvest\nParticles: 2000\nFrames: 10000\nOverall runtime: 1.1239 s\nAverage FPS: 8897.5201\nAverage full frame runtime: 0.1123 ms/frame\nAverage system update runtime: 0.0001 ms/frame\nAverage CUDA particle update runtime: 0.1121 ms/frame\nTotal CUDA particle update runtime: 1.1214 s\nAverage render/swap/poll runtime: 0.0000 ms/frame\n=======================================\n","[CUDA ENGINE] using persistent CUDA particle buffer\n[CUDA] Persistent particle buffer allocated: 2000 particles, 0.07 MB\n[CUDA] Persistent particle buffer released.\n"
cpu,cpu,True,protocol,5000,1,10000,0,1.9360459120000542,1.8567,10000.0,10000.0,160.0,5385.7604,0.1856,0.0001,0.1854,1.8539,0.0,./bin/rotea_sim --mode cpu --headless --particles 5000 --step protocol --steps 10000,80\nPhase complete: Wash | retained=0.618225 | suspended=0.00130014 | omega=156\nPhase complete: Harvest | retained=0.167591 | suspended=0 | omega=48\nPhase complete: Load | retained=0.428657 | suspended=0.0061375 | omega=72\nPhase complete: Concentrate | retained=0.613941 | suspended=0.000937711 | omega=180\nPhase complete: Wash | retained=0.785825 | suspended=0.00130014 | omega=156\nPhase complete: Harvest | retained=0.335184 | suspended=0 | omega=48\nPhase complete: Load | retained=0.59625 | suspended=0.0061375 | omega=72\nPhase complete: Concentrate | retained=0.781534 | suspended=0.000937711 | omega=180\nPhase complete: Wash | retained=0.953419 | suspended=0.00130014 | omega=156\nPhase complete: Harvest | retained=0.502771 | suspended=0 | omega=48\nPhase complete: Load | retained=0.763837 | suspended=0.0061375 | omega=72\nPhase complete: Concentrate | retained=0.949121 | suspended=0.000937711 | omega=180\n\n========== Headless Benchmark ==========\nMode: cpu\nStep: protocol\nParticles: 5000\nUpdate steps: 10000\nSimulated seconds: 160\n=======================================\n\n========== Benchmark Summary ==========\nMode: cpu\nStep: protocol\nParticles: 5000\nFrames: 10000\nOverall runtime: 1.8567 s\nAverage FPS: 5385.7604\nAverage full frame runtime: 0.1856 ms/frame\nAverage system update runtime: 0.0001 ms/frame\nAverage CPU particle update runtime: 0.1854 ms/frame\nTotal CPU particle update runtime: 1.8539 s\nAverage render/swap/poll runtime: 0.0000 ms/frame\n=======================================\n,
cpu,cpu,True,protocol,5000,2,10000,0,1.8612549729999728,1.7991,10000.0,10000.0,160.0,5558.3203,0.1799,0.0001,0.1796,1.7964,0.0,./bin/rotea_sim --mode cpu --headless --particles 5000 --step protocol --steps 10000,80\nPhase complete: Wash | retained=0.618225 | suspended=0.00130014 | omega=156\nPhase complete: Harvest | retained=0.167591 | suspended=0 | omega=48\nPhase complete: Load | retained=0.428657 | suspended=0.0061375 | omega=72\nPhase complete: Concentrate | retained=0.613941 | suspended=0.000937711 | omega=180\nPhase complete: Wash | retained=0.785825 | suspended=0.00130014 | omega=156\nPhase complete: Harvest | retained=0.335184 | suspended=0 | omega=48\nPhase complete: Load | retained=0.59625 | suspended=0.0061375 | omega=72\nPhase complete: Concentrate | retained=0.781534 | suspended=0.000937711 | omega=180\nPhase complete: Wash | retained=0.953419 | suspended=0.00130014 | omega=156\nPhase complete: Harvest | retained=0.502771 | suspended=0 | omega=48\nPhase complete: Load | retained=0.763837 | suspended=0.0061375 | omega=72\nPhase complete: Concentrate | retained=0.949121 | suspended=0.000937711 | omega=180\n\n========== Headless Benchmark ==========\nMode: cpu\nStep: protocol\nParticles: 5000\nUpdate steps: 10000\nSimulated seconds: 160\n=======================================\n\n========== Benchmark Summary ==========\nMode: cpu\nStep: protocol\nParticles: 5000\nFrames: 10000\nOverall runtime: 1.7991 s\nAverage FPS: 5558.3203\nAverage full frame runtime: 0.1799 ms/frame\nAverage system update runtime: 0.0001 ms/frame\nAverage CPU particle update runtime: 0.1796 ms/frame\nTotal CPU particle update runtime: 1.7964 s\nAverage render/swap/poll runtime: 0.0000 ms/frame\n=======================================\n,
cpu,cpu,True,protocol,5000,3,10000,0,1.8642192030000615,1.8038,10000.0,10000.0,160.0,5543.8257,0.1803,0.0001,0.1801,1.801,0.0,./bin/rotea_sim --mode cpu --headless --particles 5000 --step protocol --steps 10000,80\nPhase complete: Wash | retained=0.618225 | suspended=0.00130014 | omega=156\nPhase complete: Harvest | retained=0.167591 | suspended=0 | omega=48\nPhase complete: Load | retained=0.428657 | suspended=0.0061375 | omega=72\nPhase complete: Concentrate | retained=0.613941 | suspended=0.000937711 | omega=180\nPhase complete: Wash | retained=0.785825 | suspended=0.00130014 | omega=156\nPhase complete: Harvest | retained=0.335184 | suspended=0 | omega=48\nPhase complete: Load | retained=0.59625 | suspended=0.0061375 | omega=72\nPhase complete: Concentrate | retained=0.781534 | suspended=0.000937711 | omega=180\nPhase complete: Wash | retained=0.953419 | suspended=0.00130014 | omega=156\nPhase complete: Harvest | retained=0.502771 | suspended=0 | omega=48\nPhase complete: Load | retained=0.763837 | suspended=0.0061375 | omega=72\nPhase complete: Concentrate | retained=0.949121 | suspended=0.000937711 | omega=180\n\n========== Headless Benchmark ==========\nMode: cpu\nStep: protocol\nParticles: 5000\nUpdate steps: 10000\nSimulated seconds: 160\n=======================================\n\n========== Benchmark Summary ==========\nMode: cpu\nStep: protocol\nParticles: 5000\nFrames: 10000\nOverall runtime: 1.8038 s\nAverage FPS: 5543.8257\nAverage full frame runtime: 0.1803 ms/frame\nAverage system update runtime: 0.0001 ms/frame\nAverage CPU particle update runtime: 0.1801 ms/frame\nTotal CPU particle update runtime: 1.8010 s\nAverage render/swap/poll runtime: 0.0000 ms/frame\n=======================================\n,
cuda,cuda,True,protocol,5000,1,10000,0,2.510757484999999,1.6531,10000.0,10000.0,160.0,6049.3361,0.1653,0.0001,0.1649,1.6491,0.0,./bin/rotea_sim_cuda --mode cuda --headless --particles 5000 --step protocol --steps 10000,hase complete: Wash | retained=0.618225 | suspended=0.00130014 | omega=156\nPhase complete: Harvest | retained=0.167591 | suspended=0 | omega=48\nPhase complete: Load | retained=0.428657 | suspended=0.0061375 | omega=72\nPhase complete: Concentrate | retained=0.613941 | suspended=0.000937711 | omega=180\nPhase complete: Wash | retained=0.785825 | suspended=0.00130014 | omega=156\nPhase complete: Harvest | retained=0.335184 | suspended=0 | omega=48\nPhase complete: Load | retained=0.59625 | suspended=0.0061375 | omega=72\nPhase complete: Concentrate | retained=0.781534 | suspended=0.000937711 | omega=180\nPhase complete: Wash | retained=0.953419 | suspended=0.00130014 | omega=156\nPhase complete: Harvest | retained=0.502771 | suspended=0 | omega=48\nPhase complete: Load | retained=0.763837 | suspended=0.0061375 | omega=72\nPhase complete: Concentrate | retained=0.949121 | suspended=0.000937711 | omega=180\n\n========== Headless Benchmark ==========\nMode: cuda\nStep: protocol\nParticles: 5000\nUpdate steps: 10000\nSimulated seconds: 160\n=======================================\n\n========== Benchmark Summary ==========\nMode: cuda\nStep: protocol\nParticles: 5000\nFrames: 10000\nOverall runtime: 1.6531 s\nAverage FPS: 6049.3361\nAverage full frame runtime: 0.1653 ms/frame\nAverage system update runtime: 0.0001 ms/frame\nAverage CUDA particle update runtime: 0.1649 ms/frame\nTotal CUDA particle update runtime: 1.6491 s\nAverage render/swap/poll runtime: 0.0000 ms/frame\n=======================================\n,"[CUDA ENGINE] using persistent CUDA particle buffer\n[CUDA] Persistent particle buffer allocated: 5000 particles, 0.17 MB\n[CUDA] Persistent particle buffer released.\n"
cuda,cuda,True,protocol,5000,2,10000,0,2.548442361999946,1.8676,10000.0,10000.0,160.0,5354.4266,0.1867,0.0001,0.1863,1.8632,0.0,./bin/rotea_sim_cuda --mode cuda --headless --particles 5000 --step protocol --steps 10000,hase complete: Wash | retained=0.618225 | suspended=0.00130014 | omega=156\nPhase complete: Harvest | retained=0.167591 | suspended=0 | omega=48\nPhase complete: Load | retained=0.428657 | suspended=0.0061375 | omega=72\nPhase complete: Concentrate | retained=0.613941 | suspended=0.000937711 | omega=180\nPhase complete: Wash | retained=0.785825 | suspended=0.00130014 | omega=156\nPhase complete: Harvest | retained=0.335184 | suspended=0 | omega=48\nPhase complete: Load | retained=0.59625 | suspended=0.0061375 | omega=72\nPhase complete: Concentrate | retained=0.781534 | suspended=0.000937711 | omega=180\nPhase complete: Wash | retained=0.953419 | suspended=0.00130014 | omega=156\nPhase complete: Harvest | retained=0.502771 | suspended=0 | omega=48\nPhase complete: Load | retained=0.763837 | suspended=0.0061375 | omega=72\nPhase complete: Concentrate | retained=0.949121 | suspended=0.000937711 | omega=180\n\n========== Headless Benchmark ==========\nMode: cuda\nStep: protocol\nParticles: 5000\nUpdate steps: 10000\nSimulated seconds: 160\n=======================================\n\n========== Benchmark Summary ==========\nMode: cuda\nStep: protocol\nParticles: 5000\nFrames: 10000\nOverall runtime: 1.8676 s\nAverage FPS: 5354.4266\nAverage full frame runtime: 0.1867 ms/frame\nAverage system update runtime: 0.0001 ms/frame\nAverage CUDA particle update runtime: 0.1863 ms/frame\nTotal CUDA particle update runtime: 1.8632 s\nAverage render/swap/poll runtime: 0.0000 ms/frame\n=======================================\n,"[CUDA ENGINE] using persistent CUDA particle buffer\n[CUDA] Persistent particle buffer allocated: 5000 particles, 0.17 MB\n[CUDA] Persistent particle buffer released.\n"
cuda,cuda,True,protocol,5000,3,10000,0,2.3157850820000476,1.6665,10000.0,10000.0,160.0,6000.717,0.1666,0.0001,0.1663,1.6627,0.0,./bin/rotea_sim_cuda --mode cuda --headless --particles 5000 --step protocol --steps 10000,hase complete: Wash | retained=0.618225 | suspended=0.00130014 | omega=156\nPhase complete: Harvest | retained=0.167591 | suspended=0 | omega=48\nPhase complete: Load | retained=0.428657 | suspended=0.0061375 | omega=72\nPhase complete: Concentrate | retained=0.613941 | suspended=0.000937711 | omega=180\nPhase complete: Wash | retained=0.785825 | suspended=0.00130014 | omega=156\nPhase complete: Harvest | retained=0.335184 | suspended=0 | omega=48\nPhase complete: Load | retained=0.59625 | suspended=0.0061375 | omega=72\nPhase complete: Concentrate | retained=0.781534 | suspended=0.000937711 | omega=180\nPhase complete: Wash | retained=0.953419 | suspended=0.00130014 | omega=156\nPhase complete: Harvest | retained=0.502771 | suspended=0 | omega=48\nPhase complete: Load | retained=0.763837 | suspended=0.0061375 | omega=72\nPhase complete: Concentrate | retained=0.949121 | suspended=0.000937711 | omega=180\n\n========== Headless Benchmark ==========\nMode: cuda\nStep: protocol\nParticles: 5000\nUpdate steps: 10000\nSimulated seconds: 160\n=======================================\n\n========== Benchmark Summary ==========\nMode: cuda\nStep: protocol\nParticles: 5000\nFrames: 10000\nOverall runtime: 1.6665 s\nAverage FPS: 6000.7170\nAverage full frame runtime: 0.1666 ms/frame\nAverage system update runtime: 0.0001 ms/frame\nAverage CUDA particle update runtime: 0.1663 ms/frame\nTotal CUDA particle update runtime: 1.6627 s\nAverage render/swap/poll runtime: 0.0000 ms/frame\n=======================================\n,"[CUDA ENGINE] using persistent CUDA particle buffer\n[CUDA] Persistent particle buffer allocated: 5000 particles, 0.17 MB\n[CUDA] Persistent particle buffer released.\n"
cpu,cpu,True,load,5000,1,10000,0,1.8789143810000724,1.8081,10000.0,10000.0,160.0,5530.6638,0.1808,0.0001,0.1806,1.8059,0.0,./bin/rotea_sim --mode cpu --headless --particles 5000 --step load --steps 10000,"Particles: 5000 total (4500 fluid, 500 cells)\nMode: cpu\nStep: load\nHeadless: true\nUpdate steps: 10000\n\n========== Headless Benchmark ==========\nMode: cpu\nStep: load\nParticles: 5000\nUpdate steps: 10000\nSimulated seconds: 160\n=======================================\n\n========== Benchmark Summary ==========\nMode: cpu\nStep: load\nParticles: 5000\nFrames: 10000\nOverall runtime: 1.8081 s\nAverage FPS: 5530.6638\nAverage full frame runtime: 0.1808 ms/frame\nAverage system update runtime: 0.0001 ms/frame\nAverage CPU particle update runtime: 0.1806 ms/frame\nTotal CPU particle update runtime: 1.8059 s\nAverage render/swap/poll runtime: 0.0000 ms/frame\n=======================================\n",
cpu,cpu,True,load,5000,2,10000,0,1.9354604259999633,1.8529,10000.0,10000.0,160.0,5397.0181,0.1853,0.0001,0.1851,1.8507,0.0,./bin/rotea_sim --mode cpu --headless --particles 5000 --step load --steps 10000,"Particles: 5000 total (4500 fluid, 500 cells)\nMode: cpu\nStep: load\nHeadless: true\nUpdate steps: 10000\n\n========== Headless Benchmark ==========\nMode: cpu\nStep: load\nParticles: 5000\nUpdate steps: 10000\nSimulated seconds: 160\n=======================================\n\n========== Benchmark Summary ==========\nMode: cpu\nStep: load\nParticles: 5000\nFrames: 10000\nOverall runtime: 1.8529 s\nAverage FPS: 5397.0181\nAverage full frame runtime: 0.1853 ms/frame\nAverage system update runtime: 0.0001 ms/frame\nAverage CPU particle update runtime: 0.1851 ms/frame\nTotal CPU particle update runtime: 1.8507 s\nAverage render/swap/poll runtime: 0.0000 ms/frame\n=======================================\n",
cpu,cpu,True,load,5000,3,10000,0,1.9203981260000091,1.8414,10000.0,10000.0,160.0,5430.7271,0.1841,0.0001,0.1839,1.839,0.0,./bin/rotea_sim --mode cpu --headless --particles 5000 --step load --steps 10000,"Particles: 5000 total (4500 fluid, 500 cells)\nMode: cpu\nStep: load\nHeadless: true\nUpdate steps: 10000\n\n========== Headless Benchmark ==========\nMode: cpu\nStep: load\nParticles: 5000\nUpdate steps: 10000\nSimulated seconds: 160\n=======================================\n\n========== Benchmark Summary ==========\nMode: cpu\nStep: load\nParticles: 5000\nFrames: 10000\nOverall runtime: 1.8414 s\nAverage FPS: 5430.7271\nAverage full frame runtime: 0.1841 ms/frame\nAverage system update runtime: 0.0001 ms/frame\nAverage CPU particle update runtime: 0.1839 ms/frame\nTotal CPU particle update runtime: 1.8390 s\nAverage render/swap/poll runtime: 0.0000 ms/frame\n=======================================\n",
cuda,cuda,True,load,5000,1,10000,0,2.914043203999995,1.627,10000.0,10000.0,160.0,6146.299,0.1627,0.0001,0.1624,1.6238,0.0,./bin/rotea_sim_cuda --mode cuda --headless --particles 5000 --step load --steps 10000,"Particles: 5000 total (4500 fluid, 500 cells)\nMode: cuda\nStep: load\nHeadless: true\nUpdate steps: 10000\n\n========== Headless Benchmark ==========\nMode: cuda\nStep: load\nParticles: 5000\nUpdate steps: 10000\nSimulated seconds: 160\n=======================================\n\n========== Benchmark Summary ==========\nMode: cuda\nStep: load\nParticles: 5000\nFrames: 10000\nOverall runtime: 1.6270 s\nAverage FPS: 6146.2990\nAverage full frame runtime: 0.1627 ms/frame\nAverage system update runtime: 0.0001 ms/frame\nAverage CUDA particle update runtime: 0.1624 ms/frame\nTotal CUDA particle update runtime: 1.6238 s\nAverage render/swap/poll runtime: 0.0000 ms/frame\n=======================================\n","[CUDA ENGINE] using persistent CUDA particle buffer\n[CUDA] Persistent particle buffer allocated: 5000 particles, 0.17 MB\n[CUDA] Persistent particle buffer released.\n"
cuda,cuda,True,load,5000,2,10000,0,2.4759713020000618,1.8177,10000.0,10000.0,160.0,5501.5671,0.1817,0.0001,0.1814,1.8142,0.0,./bin/rotea_sim_cuda --mode cuda --headless --particles 5000 --step load --steps 10000,"Particles: 5000 total (4500 fluid, 500 cells)\nMode: cuda\nStep: load\nHeadless: true\nUpdate steps: 10000\n\n========== Headless Benchmark ==========\nMode: cuda\nStep: load\nParticles: 5000\nUpdate steps: 10000\nSimulated seconds: 160\n=======================================\n\n========== Benchmark Summary ==========\nMode: cuda\nStep: load\nParticles: 5000\nFrames: 10000\nOverall runtime: 1.8177 s\nAverage FPS: 5501.5671\nAverage full frame runtime: 0.1817 ms/frame\nAverage system update runtime: 0.0001 ms/frame\nAverage CUDA particle update runtime: 0.1814 ms/frame\nTotal CUDA particle update runtime: 1.8142 s\nAverage render/swap/poll runtime: 0.0000 ms/frame\n=======================================\n","[CUDA ENGINE] using persistent CUDA particle buffer\n[CUDA] Persistent particle buffer allocated: 5000 particles, 0.17 MB\n[CUDA] Persistent particle buffer released.\n"
cuda,cuda,True,load,5000,3,10000,0,2.2482326529999455,1.591,10000.0,10000.0,160.0,6285.3747,0.159,0.0001,0.1588,1.5878,0.0,./bin/rotea_sim_cuda --mode cuda --headless --particles 5000 --step load --steps 10000,"Particles: 5000 total (4500 fluid, 500 cells)\nMode: cuda\nStep: load\nHeadless: true\nUpdate steps: 10000\n\n========== Headless Benchmark ==========\nMode: cuda\nStep: load\nParticles: 5000\nUpdate steps: 10000\nSimulated seconds: 160\n=======================================\n\n========== Benchmark Summary ==========\nMode: cuda\nStep: load\nParticles: 5000\nFrames: 10000\nOverall runtime: 1.5910 s\nAverage FPS: 6285.3747\nAverage full frame runtime: 0.1590 ms/frame\nAverage system update runtime: 0.0001 ms/frame\nAverage CUDA particle update runtime: 0.1588 ms/frame\nTotal CUDA particle update runtime: 1.5878 s\nAverage render/swap/poll runtime: 0.0000 ms/frame\n=======================================\n","[CUDA ENGINE] using persistent CUDA particle buffer\n[CUDA] Persistent particle buffer allocated: 5000 particles, 0.17 MB\n[CUDA] Persistent particle buffer released.\n"
cpu,cpu,True,concentrate,5000,1,10000,0,1.8509085000000596,1.8044,10000.0,10000.0,160.0,5541.9668,0.1804,0.0001,0.1802,1.8021,0.0,./bin/rotea_sim --mode cpu --headless --particles 5000 --step concentrate --steps 10000,"Particles: 5000 total (4500 fluid, 500 cells)\nMode: cpu\nStep: concentrate\nHeadless: true\nUpdate steps: 10000\n\n========== Headless Benchmark ==========\nMode: cpu\nStep: concentrate\nParticles: 5000\nUpdate steps: 10000\nSimulated seconds: 160\n=======================================\n\n========== Benchmark Summary ==========\nMode: cpu\nStep: concentrate\nParticles: 5000\nFrames: 10000\nOverall runtime: 1.8044 s\nAverage FPS: 5541.9668\nAverage full frame runtime: 0.1804 ms/frame\nAverage system update runtime: 0.0001 ms/frame\nAverage CPU particle update runtime: 0.1802 ms/frame\nTotal CPU particle update runtime: 1.8021 s\nAverage render/swap/poll runtime: 0.0000 ms/frame\n=======================================\n",
cpu,cpu,True,concentrate,5000,2,10000,0,1.8797260459999734,1.8372,10000.0,10000.0,160.0,5443.1935,0.1837,0.0001,0.1835,1.8349,0.0,./bin/rotea_sim --mode cpu --headless --particles 5000 --step concentrate --steps 10000,"Particles: 5000 total (4500 fluid, 500 cells)\nMode: cpu\nStep: concentrate\nHeadless: true\nUpdate steps: 10000\n\n========== Headless Benchmark ==========\nMode: cpu\nStep: concentrate\nParticles: 5000\nUpdate steps: 10000\nSimulated seconds: 160\n=======================================\n\n========== Benchmark Summary ==========\nMode: cpu\nStep: concentrate\nParticles: 5000\nFrames: 10000\nOverall runtime: 1.8372 s\nAverage FPS: 5443.1935\nAverage full frame runtime: 0.1837 ms/frame\nAverage system update runtime: 0.0001 ms/frame\nAverage CPU particle update runtime: 0.1835 ms/frame\nTotal CPU particle update runtime: 1.8349 s\nAverage render/swap/poll runtime: 0.0000 ms/frame\n=======================================\n",
cpu,cpu,True,concentrate,5000,3,10000,0,1.89674219799997,1.8264,10000.0,10000.0,160.0,5475.301,0.1826,0.0001,0.1824,1.8241,0.0,./bin/rotea_sim --mode cpu --headless --particles 5000 --step concentrate --steps 10000,"Particles: 5000 total (4500 fluid, 500 cells)\nMode: cpu\nStep: concentrate\nHeadless: true\nUpdate steps: 10000\n\n========== Headless Benchmark ==========\nMode: cpu\nStep: concentrate\nParticles: 5000\nUpdate steps: 10000\nSimulated seconds: 160\n=======================================\n\n========== Benchmark Summary ==========\nMode: cpu\nStep: concentrate\nParticles: 5000\nFrames: 10000\nOverall runtime: 1.8264 s\nAverage FPS: 5475.3010\nAverage full frame runtime: 0.1826 ms/frame\nAverage system update runtime: 0.0001 ms/frame\nAverage CPU particle update runtime: 0.1824 ms/frame\nTotal CPU particle update runtime: 1.8241 s\nAverage render/swap/poll runtime: 0.0000 ms/frame\n=======================================\n",
cuda,cuda,True,concentrate,5000,1,10000,0,2.9196284820000074,1.6157,10000.0,10000.0,160.0,6189.247,0.1615,0.0001,0.1613,1.6126,0.0,./bin/rotea_sim_cuda --mode cuda --headless --particles 5000 --step concentrate --steps 10000,"Particles: 5000 total (4500 fluid, 500 cells)\nMode: cuda\nStep: concentrate\nHeadless: true\nUpdate steps: 10000\n\n========== Headless Benchmark ==========\nMode: cuda\nStep: concentrate\nParticles: 5000\nUpdate steps: 10000\nSimulated seconds: 160\n=======================================\n\n========== Benchmark Summary ==========\nMode: cuda\nStep: concentrate\nParticles: 5000\nFrames: 10000\nOverall runtime: 1.6157 s\nAverage FPS: 6189.2470\nAverage full frame runtime: 0.1615 ms/frame\nAverage system update runtime: 0.0001 ms/frame\nAverage CUDA particle update runtime: 0.1613 ms/frame\nTotal CUDA particle update runtime: 1.6126 s\nAverage render/swap/poll runtime: 0.0000 ms/frame\n=======================================\n","[CUDA ENGINE] using persistent CUDA particle buffer\n[CUDA] Persistent particle buffer allocated: 5000 particles, 0.17 MB\n[CUDA] Persistent particle buffer released.\n"
cuda,cuda,True,concentrate,5000,2,10000,0,2.2082086230000186,1.6039,10000.0,10000.0,160.0,6234.7312,0.1603,0.0001,0.1601,1.6007,0.0,./bin/rotea_sim_cuda --mode cuda --headless --particles 5000 --step concentrate --steps 10000,"Particles: 5000 total (4500 fluid, 500 cells)\nMode: cuda\nStep: concentrate\nHeadless: true\nUpdate steps: 10000\n\n========== Headless Benchmark ==========\nMode: cuda\nStep: concentrate\nParticles: 5000\nUpdate steps: 10000\nSimulated seconds: 160\n=======================================\n\n========== Benchmark Summary ==========\nMode: cuda\nStep: concentrate\nParticles: 5000\nFrames: 10000\nOverall runtime: 1.6039 s\nAverage FPS: 6234.7312\nAverage full frame runtime: 0.1603 ms/frame\nAverage system update runtime: 0.0001 ms/frame\nAverage CUDA particle update runtime: 0.1601 ms/frame\nTotal CUDA particle update runtime: 1.6007 s\nAverage render/swap/poll runtime: 0.0000 ms/frame\n=======================================\n","[CUDA ENGINE] using persistent CUDA particle buffer\n[CUDA] Persistent particle buffer allocated: 5000 particles, 0.17 MB\n[CUDA] Persistent particle buffer released.\n"
cuda,cuda,True,concentrate,5000,3,10000,0,2.483859182999936,1.8421,10000.0,10000.0,160.0,5428.5062,0.1842,0.0001,0.1839,1.8386,0.0,./bin/rotea_sim_cuda --mode cuda --headless --particles 5000 --step concentrate --steps 10000,"Particles: 5000 total (4500 fluid, 500 cells)\nMode: cuda\nStep: concentrate\nHeadless: true\nUpdate steps: 10000\n\n========== Headless Benchmark ==========\nMode: cuda\nStep: concentrate\nParticles: 5000\nUpdate steps: 10000\nSimulated seconds: 160\n=======================================\n\n========== Benchmark Summary ==========\nMode: cuda\nStep: concentrate\nParticles: 5000\nFrames: 10000\nOverall runtime: 1.8421 s\nAverage FPS: 5428.5062\nAverage full frame runtime: 0.1842 ms/frame\nAverage system update runtime: 0.0001 ms/frame\nAverage CUDA particle update runtime: 0.1839 ms/frame\nTotal CUDA particle update runtime: 1.8386 s\nAverage render/swap/poll runtime: 0.0000 ms/frame\n=======================================\n","[CUDA ENGINE] using persistent CUDA particle buffer\n[CUDA] Persistent particle buffer allocated: 5000 particles, 0.17 MB\n[CUDA] Persistent particle buffer released.\n"
cpu,cpu,True,wash,5000,1,10000,0,1.907361237000032,1.8563,10000.0,10000.0,160.0,5386.9786,0.1856,0.0001,0.1854,1.8539,0.0,./bin/rotea_sim --mode cpu --headless --particles 5000 --step wash --steps 10000,"Particles: 5000 total (4500 fluid, 500 cells)\nMode: cpu\nStep: wash\nHeadless: true\nUpdate steps: 10000\n\n========== Headless Benchmark ==========\nMode: cpu\nStep: wash\nParticles: 5000\nUpdate steps: 10000\nSimulated seconds: 160\n=======================================\n\n========== Benchmark Summary ==========\nMode: cpu\nStep: wash\nParticles: 5000\nFrames: 10000\nOverall runtime: 1.8563 s\nAverage FPS: 5386.9786\nAverage full frame runtime: 0.1856 ms/frame\nAverage system update runtime: 0.0001 ms/frame\nAverage CPU particle update runtime: 0.1854 ms/frame\nTotal CPU particle update runtime: 1.8539 s\nAverage render/swap/poll runtime: 0.0000 ms/frame\n=======================================\n",
cpu,cpu,True,wash,5000,2,10000,0,1.9476118099998985,1.8871,10000.0,10000.0,160.0,5298.9965,0.1887,0.0001,0.1885,1.8848,0.0,./bin/rotea_sim --mode cpu --headless --particles 5000 --step wash --steps 10000,"Particles: 5000 total (4500 fluid, 500 cells)\nMode: cpu\nStep: wash\nHeadless: true\nUpdate steps: 10000\n\n========== Headless Benchmark ==========\nMode: cpu\nStep: wash\nParticles: 5000\nUpdate steps: 10000\nSimulated seconds: 160\n=======================================\n\n========== Benchmark Summary ==========\nMode: cpu\nStep: wash\nParticles: 5000\nFrames: 10000\nOverall runtime: 1.8871 s\nAverage FPS: 5298.9965\nAverage full frame runtime: 0.1887 ms/frame\nAverage system update runtime: 0.0001 ms/frame\nAverage CPU particle update runtime: 0.1885 ms/frame\nTotal CPU particle update runtime: 1.8848 s\nAverage render/swap/poll runtime: 0.0000 ms/frame\n=======================================\n",
cpu,cpu,True,wash,5000,3,10000,0,2.0664436600000045,1.9762,10000.0,10000.0,160.0,5060.1612,0.1976,0.0001,0.1973,1.9735,0.0,./bin/rotea_sim --mode cpu --headless --particles 5000 --step wash --steps 10000,"Particles: 5000 total (4500 fluid, 500 cells)\nMode: cpu\nStep: wash\nHeadless: true\nUpdate steps: 10000\n\n========== Headless Benchmark ==========\nMode: cpu\nStep: wash\nParticles: 5000\nUpdate steps: 10000\nSimulated seconds: 160\n=======================================\n\n========== Benchmark Summary ==========\nMode: cpu\nStep: wash\nParticles: 5000\nFrames: 10000\nOverall runtime: 1.9762 s\nAverage FPS: 5060.1612\nAverage full frame runtime: 0.1976 ms/frame\nAverage system update runtime: 0.0001 ms/frame\nAverage CPU particle update runtime: 0.1973 ms/frame\nTotal CPU particle update runtime: 1.9735 s\nAverage render/swap/poll runtime: 0.0000 ms/frame\n=======================================\n",
cuda,cuda,True,wash,5000,1,10000,0,2.827233698999976,1.6442,10000.0,10000.0,160.0,6081.8461,0.1644,0.0001,0.1641,1.6408,0.0,./bin/rotea_sim_cuda --mode cuda --headless --particles 5000 --step wash --steps 10000,"Particles: 5000 total (4500 fluid, 500 cells)\nMode: cuda\nStep: wash\nHeadless: true\nUpdate steps: 10000\n\n========== Headless Benchmark ==========\nMode: cuda\nStep: wash\nParticles: 5000\nUpdate steps: 10000\nSimulated seconds: 160\n=======================================\n\n========== Benchmark Summary ==========\nMode: cuda\nStep: wash\nParticles: 5000\nFrames: 10000\nOverall runtime: 1.6442 s\nAverage FPS: 6081.8461\nAverage full frame runtime: 0.1644 ms/frame\nAverage system update runtime: 0.0001 ms/frame\nAverage CUDA particle update runtime: 0.1641 ms/frame\nTotal CUDA particle update runtime: 1.6408 s\nAverage render/swap/poll runtime: 0.0000 ms/frame\n=======================================\n","[CUDA ENGINE] using persistent CUDA particle buffer\n[CUDA] Persistent particle buffer allocated: 5000 particles, 0.17 MB\n[CUDA] Persistent particle buffer released.\n"
cuda,cuda,True,wash,5000,2,10000,0,2.496286439999949,1.863,10000.0,10000.0,160.0,5367.8024,0.1862,0.0001,0.1859,1.8595,0.0,./bin/rotea_sim_cuda --mode cuda --headless --particles 5000 --step wash --steps 10000,"Particles: 5000 total (4500 fluid, 500 cells)\nMode: cuda\nStep: wash\nHeadless: true\nUpdate steps: 10000\n\n========== Headless Benchmark ==========\nMode: cuda\nStep: wash\nParticles: 5000\nUpdate steps: 10000\nSimulated seconds: 160\n=======================================\n\n========== Benchmark Summary ==========\nMode: cuda\nStep: wash\nParticles: 5000\nFrames: 10000\nOverall runtime: 1.8630 s\nAverage FPS: 5367.8024\nAverage full frame runtime: 0.1862 ms/frame\nAverage system update runtime: 0.0001 ms/frame\nAverage CUDA particle update runtime: 0.1859 ms/frame\nTotal CUDA particle update runtime: 1.8595 s\nAverage render/swap/poll runtime: 0.0000 ms/frame\n=======================================\n","[CUDA ENGINE] using persistent CUDA particle buffer\n[CUDA] Persistent particle buffer allocated: 5000 particles, 0.17 MB\n[CUDA] Persistent particle buffer released.\n"
cuda,cuda,True,wash,5000,3,10000,0,2.22729120300005,1.5661,10000.0,10000.0,160.0,6385.3393,0.1566,0.0001,0.1563,1.563,0.0,./bin/rotea_sim_cuda --mode cuda --headless --particles 5000 --step wash --steps 10000,"Particles: 5000 total (4500 fluid, 500 cells)\nMode: cuda\nStep: wash\nHeadless: true\nUpdate steps: 10000\n\n========== Headless Benchmark ==========\nMode: cuda\nStep: wash\nParticles: 5000\nUpdate steps: 10000\nSimulated seconds: 160\n=======================================\n\n========== Benchmark Summary ==========\nMode: cuda\nStep: wash\nParticles: 5000\nFrames: 10000\nOverall runtime: 1.5661 s\nAverage FPS: 6385.3393\nAverage full frame runtime: 0.1566 ms/frame\nAverage system update runtime: 0.0001 ms/frame\nAverage CUDA particle update runtime: 0.1563 ms/frame\nTotal CUDA particle update runtime: 1.5630 s\nAverage render/swap/poll runtime: 0.0000 ms/frame\n=======================================\n","[CUDA ENGINE] using persistent CUDA particle buffer\n[CUDA] Persistent particle buffer allocated: 5000 particles, 0.17 MB\n[CUDA] Persistent particle buffer released.\n"
cpu,cpu,True,harvest,5000,1,10000,0,1.9144965269998693,1.8488,10000.0,10000.0,160.0,5408.8686,0.1848,0.0001,0.1847,1.8465,0.0,./bin/rotea_sim --mode cpu --headless --particles 5000 --step harvest --steps 10000,"Particles: 5000 total (4500 fluid, 500 cells)\nMode: cpu\nStep: harvest\nHeadless: true\nUpdate steps: 10000\n\n========== Headless Benchmark ==========\nMode: cpu\nStep: harvest\nParticles: 5000\nUpdate steps: 10000\nSimulated seconds: 160\n=======================================\n\n========== Benchmark Summary ==========\nMode: cpu\nStep: harvest\nParticles: 5000\nFrames: 10000\nOverall runtime: 1.8488 s\nAverage FPS: 5408.8686\nAverage full frame runtime: 0.1848 ms/frame\nAverage system update runtime: 0.0001 ms/frame\nAverage CPU particle update runtime: 0.1847 ms/frame\nTotal CPU particle update runtime: 1.8465 s\nAverage render/swap/poll runtime: 0.0000 ms/frame\n=======================================\n",
cpu,cpu,True,harvest,5000,2,10000,0,1.9570982320001349,1.8875,10000.0,10000.0,160.0,5298.0224,0.1887,0.0001,0.1885,1.8852,0.0,./bin/rotea_sim --mode cpu --headless --particles 5000 --step harvest --steps 10000,"Particles: 5000 total (4500 fluid, 500 cells)\nMode: cpu\nStep: harvest\nHeadless: true\nUpdate steps: 10000\n\n========== Headless Benchmark ==========\nMode: cpu\nStep: harvest\nParticles: 5000\nUpdate steps: 10000\nSimulated seconds: 160\n=======================================\n\n========== Benchmark Summary ==========\nMode: cpu\nStep: harvest\nParticles: 5000\nFrames: 10000\nOverall runtime: 1.8875 s\nAverage FPS: 5298.0224\nAverage full frame runtime: 0.1887 ms/frame\nAverage system update runtime: 0.0001 ms/frame\nAverage CPU particle update runtime: 0.1885 ms/frame\nTotal CPU particle update runtime: 1.8852 s\nAverage render/swap/poll runtime: 0.0000 ms/frame\n=======================================\n",
cpu,cpu,True,harvest,5000,3,10000,0,1.9623064889999569,1.8741,10000.0,10000.0,160.0,5335.9113,0.1874,0.0001,0.1872,1.8719,0.0,./bin/rotea_sim --mode cpu --headless --particles 5000 --step harvest --steps 10000,"Particles: 5000 total (4500 fluid, 500 cells)\nMode: cpu\nStep: harvest\nHeadless: true\nUpdate steps: 10000\n\n========== Headless Benchmark ==========\nMode: cpu\nStep: harvest\nParticles: 5000\nUpdate steps: 10000\nSimulated seconds: 160\n=======================================\n\n========== Benchmark Summary ==========\nMode: cpu\nStep: harvest\nParticles: 5000\nFrames: 10000\nOverall runtime: 1.8741 s\nAverage FPS: 5335.9113\nAverage full frame runtime: 0.1874 ms/frame\nAverage system update runtime: 0.0001 ms/frame\nAverage CPU particle update runtime: 0.1872 ms/frame\nTotal CPU particle update runtime: 1.8719 s\nAverage render/swap/poll runtime: 0.0000 ms/frame\n=======================================\n",
cuda,cuda,True,harvest,5000,1,10000,0,2.7683591879999767,1.5284,10000.0,10000.0,160.0,6542.6639,0.1528,0.0001,0.1526,1.5257,0.0,./bin/rotea_sim_cuda --mode cuda --headless --particles 5000 --step harvest --steps 10000,"Particles: 5000 total (4500 fluid, 500 cells)\nMode: cuda\nStep: harvest\nHeadless: true\nUpdate steps: 10000\n\n========== Headless Benchmark ==========\nMode: cuda\nStep: harvest\nParticles: 5000\nUpdate steps: 10000\nSimulated seconds: 160\n=======================================\n\n========== Benchmark Summary ==========\nMode: cuda\nStep: harvest\nParticles: 5000\nFrames: 10000\nOverall runtime: 1.5284 s\nAverage FPS: 6542.6639\nAverage full frame runtime: 0.1528 ms/frame\nAverage system update runtime: 0.0001 ms/frame\nAverage CUDA particle update runtime: 0.1526 ms/frame\nTotal CUDA particle update runtime: 1.5257 s\nAverage render/swap/poll runtime: 0.0000 ms/frame\n=======================================\n","[CUDA ENGINE] using persistent CUDA particle buffer\n[CUDA] Persistent particle buffer allocated: 5000 particles, 0.17 MB\n[CUDA] Persistent particle buffer released.\n"
cuda,cuda,True,harvest,5000,2,10000,0,2.546275365999918,1.7829,10000.0,10000.0,160.0,5608.7344,0.1782,0.0001,0.178,1.7795,0.0,./bin/rotea_sim_cuda --mode cuda --headless --particles 5000 --step harvest --steps 10000,"Particles: 5000 total (4500 fluid, 500 cells)\nMode: cuda\nStep: harvest\nHeadless: true\nUpdate steps: 10000\n\n========== Headless Benchmark ==========\nMode: cuda\nStep: harvest\nParticles: 5000\nUpdate steps: 10000\nSimulated seconds: 160\n=======================================\n\n========== Benchmark Summary ==========\nMode: cuda\nStep: harvest\nParticles: 5000\nFrames: 10000\nOverall runtime: 1.7829 s\nAverage FPS: 5608.7344\nAverage full frame runtime: 0.1782 ms/frame\nAverage system update runtime: 0.0001 ms/frame\nAverage CUDA particle update runtime: 0.1780 ms/frame\nTotal CUDA particle update runtime: 1.7795 s\nAverage render/swap/poll runtime: 0.0000 ms/frame\n=======================================\n","[CUDA ENGINE] using persistent CUDA particle buffer\n[CUDA] Persistent particle buffer allocated: 5000 particles, 0.17 MB\n[CUDA] Persistent particle buffer released.\n"
cuda,cuda,True,harvest,5000,3,10000,0,2.6195246400000087,1.8181,10000.0,10000.0,160.0,5500.2852,0.1818,0.0001,0.1815,1.8149,0.0,./bin/rotea_sim_cuda --mode cuda --headless --particles 5000 --step harvest --steps 10000,"Particles: 5000 total (4500 fluid, 500 cells)\nMode: cuda\nStep: harvest\nHeadless: true\nUpdate steps: 10000\n\n========== Headless Benchmark ==========\nMode: cuda\nStep: harvest\nParticles: 5000\nUpdate steps: 10000\nSimulated seconds: 160\n=======================================\n\n========== Benchmark Summary ==========\nMode: cuda\nStep: harvest\nParticles: 5000\nFrames: 10000\nOverall runtime: 1.8181 s\nAverage FPS: 5500.2852\nAverage full frame runtime: 0.1818 ms/frame\nAverage system update runtime: 0.0001 ms/frame\nAverage CUDA particle update runtime: 0.1815 ms/frame\nTotal CUDA particle update runtime: 1.8149 s\nAverage render/swap/poll runtime: 0.0000 ms/frame\n=======================================\n","[CUDA ENGINE] using persistent CUDA particle buffer\n[CUDA] Persistent particle buffer allocated: 5000 particles, 0.17 MB\n[CUDA] Persistent particle buffer released.\n"
cpu,cpu,True,protocol,10000,1,10000,0,3.6810350030000336,3.6277,10000.0,10000.0,160.0,2756.5756,0.3627,0.0001,0.3625,3.6245,0.0,./bin/rotea_sim --mode cpu --headless --particles 10000 --step protocol --steps 10000,\nPhase complete: Wash | retained=0.618225 | suspended=0.00130014 | omega=156\nPhase complete: Harvest | retained=0.167591 | suspended=0 | omega=48\nPhase complete: Load | retained=0.428657 | suspended=0.0061375 | omega=72\nPhase complete: Concentrate | retained=0.613941 | suspended=0.000937711 | omega=180\nPhase complete: Wash | retained=0.785825 | suspended=0.00130014 | omega=156\nPhase complete: Harvest | retained=0.335184 | suspended=0 | omega=48\nPhase complete: Load | retained=0.59625 | suspended=0.0061375 | omega=72\nPhase complete: Concentrate | retained=0.781534 | suspended=0.000937711 | omega=180\nPhase complete: Wash | retained=0.953419 | suspended=0.00130014 | omega=156\nPhase complete: Harvest | retained=0.502771 | suspended=0 | omega=48\nPhase complete: Load | retained=0.763837 | suspended=0.0061375 | omega=72\nPhase complete: Concentrate | retained=0.949121 | suspended=0.000937711 | omega=180\n\n========== Headless Benchmark ==========\nMode: cpu\nStep: protocol\nParticles: 10000\nUpdate steps: 10000\nSimulated seconds: 160\n=======================================\n\n========== Benchmark Summary ==========\nMode: cpu\nStep: protocol\nParticles: 10000\nFrames: 10000\nOverall runtime: 3.6277 s\nAverage FPS: 2756.5756\nAverage full frame runtime: 0.3627 ms/frame\nAverage system update runtime: 0.0001 ms/frame\nAverage CPU particle update runtime: 0.3625 ms/frame\nTotal CPU particle update runtime: 3.6245 s\nAverage render/swap/poll runtime: 0.0000 ms/frame\n=======================================\n,
cpu,cpu,True,protocol,10000,2,10000,0,3.717881916999886,3.6337,10000.0,10000.0,160.0,2752.0244,0.3633,0.0001,0.3631,3.6307,0.0,./bin/rotea_sim --mode cpu --headless --particles 10000 --step protocol --steps 10000,\nPhase complete: Wash | retained=0.618225 | suspended=0.00130014 | omega=156\nPhase complete: Harvest | retained=0.167591 | suspended=0 | omega=48\nPhase complete: Load | retained=0.428657 | suspended=0.0061375 | omega=72\nPhase complete: Concentrate | retained=0.613941 | suspended=0.000937711 | omega=180\nPhase complete: Wash | retained=0.785825 | suspended=0.00130014 | omega=156\nPhase complete: Harvest | retained=0.335184 | suspended=0 | omega=48\nPhase complete: Load | retained=0.59625 | suspended=0.0061375 | omega=72\nPhase complete: Concentrate | retained=0.781534 | suspended=0.000937711 | omega=180\nPhase complete: Wash | retained=0.953419 | suspended=0.00130014 | omega=156\nPhase complete: Harvest | retained=0.502771 | suspended=0 | omega=48\nPhase complete: Load | retained=0.763837 | suspended=0.0061375 | omega=72\nPhase complete: Concentrate | retained=0.949121 | suspended=0.000937711 | omega=180\n\n========== Headless Benchmark ==========\nMode: cpu\nStep: protocol\nParticles: 10000\nUpdate steps: 10000\nSimulated seconds: 160\n=======================================\n\n========== Benchmark Summary ==========\nMode: cpu\nStep: protocol\nParticles: 10000\nFrames: 10000\nOverall runtime: 3.6337 s\nAverage FPS: 2752.0244\nAverage full frame runtime: 0.3633 ms/frame\nAverage system update runtime: 0.0001 ms/frame\nAverage CPU particle update runtime: 0.3631 ms/frame\nTotal CPU particle update runtime: 3.6307 s\nAverage render/swap/poll runtime: 0.0000 ms/frame\n=======================================\n,
cpu,cpu,True,protocol,10000,3,10000,0,3.7235977339998954,3.6605,10000.0,10000.0,160.0,2731.8519,0.366,0.0001,0.3657,3.6575,0.0,./bin/rotea_sim --mode cpu --headless --particles 10000 --step protocol --steps 10000,\nPhase complete: Wash | retained=0.618225 | suspended=0.00130014 | omega=156\nPhase complete: Harvest | retained=0.167591 | suspended=0 | omega=48\nPhase complete: Load | retained=0.428657 | suspended=0.0061375 | omega=72\nPhase complete: Concentrate | retained=0.613941 | suspended=0.000937711 | omega=180\nPhase complete: Wash | retained=0.785825 | suspended=0.00130014 | omega=156\nPhase complete: Harvest | retained=0.335184 | suspended=0 | omega=48\nPhase complete: Load | retained=0.59625 | suspended=0.0061375 | omega=72\nPhase complete: Concentrate | retained=0.781534 | suspended=0.000937711 | omega=180\nPhase complete: Wash | retained=0.953419 | suspended=0.00130014 | omega=156\nPhase complete: Harvest | retained=0.502771 | suspended=0 | omega=48\nPhase complete: Load | retained=0.763837 | suspended=0.0061375 | omega=72\nPhase complete: Concentrate | retained=0.949121 | suspended=0.000937711 | omega=180\n\n========== Headless Benchmark ==========\nMode: cpu\nStep: protocol\nParticles: 10000\nUpdate steps: 10000\nSimulated seconds: 160\n=======================================\n\n========== Benchmark Summary ==========\nMode: cpu\nStep: protocol\nParticles: 10000\nFrames: 10000\nOverall runtime: 3.6605 s\nAverage FPS: 2731.8519\nAverage full frame runtime: 0.3660 ms/frame\nAverage system update runtime: 0.0001 ms/frame\nAverage CPU particle update runtime: 0.3657 ms/frame\nTotal CPU particle update runtime: 3.6575 s\nAverage render/swap/poll runtime: 0.0000 ms/frame\n=======================================\n,
cuda,cuda,True,protocol,10000,1,10000,0,4.984087212000077,2.442,10000.0,10000.0,160.0,4094.9615,0.2441,0.0001,0.2437,2.4371,0.0,./bin/rotea_sim_cuda --mode cuda --headless --particles 10000 --step protocol --steps 10000,se complete: Wash | retained=0.618225 | suspended=0.00130014 | omega=156\nPhase complete: Harvest | retained=0.167591 | suspended=0 | omega=48\nPhase complete: Load | retained=0.428657 | suspended=0.0061375 | omega=72\nPhase complete: Concentrate | retained=0.613941 | suspended=0.000937711 | omega=180\nPhase complete: Wash | retained=0.785825 | suspended=0.00130014 | omega=156\nPhase complete: Harvest | retained=0.335184 | suspended=0 | omega=48\nPhase complete: Load | retained=0.59625 | suspended=0.0061375 | omega=72\nPhase complete: Concentrate | retained=0.781534 | suspended=0.000937711 | omega=180\nPhase complete: Wash | retained=0.953419 | suspended=0.00130014 | omega=156\nPhase complete: Harvest | retained=0.502771 | suspended=0 | omega=48\nPhase complete: Load | retained=0.763837 | suspended=0.0061375 | omega=72\nPhase complete: Concentrate | retained=0.949121 | suspended=0.000937711 | omega=180\n\n========== Headless Benchmark ==========\nMode: cuda\nStep: protocol\nParticles: 10000\nUpdate steps: 10000\nSimulated seconds: 160\n=======================================\n\n========== Benchmark Summary ==========\nMode: cuda\nStep: protocol\nParticles: 10000\nFrames: 10000\nOverall runtime: 2.4420 s\nAverage FPS: 4094.9615\nAverage full frame runtime: 0.2441 ms/frame\nAverage system update runtime: 0.0001 ms/frame\nAverage CUDA particle update runtime: 0.2437 ms/frame\nTotal CUDA particle update runtime: 2.4371 s\nAverage render/swap/poll runtime: 0.0000 ms/frame\n=======================================\n,"[CUDA ENGINE] using persistent CUDA particle buffer\n[CUDA] Persistent particle buffer allocated: 10000 particles, 0.34 MB\n[CUDA] Persistent particle buffer released.\n"
cuda,cuda,True,protocol,10000,2,10000,0,3.0546779979999883,2.3287,10000.0,10000.0,160.0,4294.2525,0.2328,0.0001,0.2324,2.3242,0.0,./bin/rotea_sim_cuda --mode cuda --headless --particles 10000 --step protocol --steps 10000,se complete: Wash | retained=0.618225 | suspended=0.00130014 | omega=156\nPhase complete: Harvest | retained=0.167591 | suspended=0 | omega=48\nPhase complete: Load | retained=0.428657 | suspended=0.0061375 | omega=72\nPhase complete: Concentrate | retained=0.613941 | suspended=0.000937711 | omega=180\nPhase complete: Wash | retained=0.785825 | suspended=0.00130014 | omega=156\nPhase complete: Harvest | retained=0.335184 | suspended=0 | omega=48\nPhase complete: Load | retained=0.59625 | suspended=0.0061375 | omega=72\nPhase complete: Concentrate | retained=0.781534 | suspended=0.000937711 | omega=180\nPhase complete: Wash | retained=0.953419 | suspended=0.00130014 | omega=156\nPhase complete: Harvest | retained=0.502771 | suspended=0 | omega=48\nPhase complete: Load | retained=0.763837 | suspended=0.0061375 | omega=72\nPhase complete: Concentrate | retained=0.949121 | suspended=0.000937711 | omega=180\n\n========== Headless Benchmark ==========\nMode: cuda\nStep: protocol\nParticles: 10000\nUpdate steps: 10000\nSimulated seconds: 160\n=======================================\n\n========== Benchmark Summary ==========\nMode: cuda\nStep: protocol\nParticles: 10000\nFrames: 10000\nOverall runtime: 2.3287 s\nAverage FPS: 4294.2525\nAverage full frame runtime: 0.2328 ms/frame\nAverage system update runtime: 0.0001 ms/frame\nAverage CUDA particle update runtime: 0.2324 ms/frame\nTotal CUDA particle update runtime: 2.3242 s\nAverage render/swap/poll runtime: 0.0000 ms/frame\n=======================================\n,"[CUDA ENGINE] using persistent CUDA particle buffer\n[CUDA] Persistent particle buffer allocated: 10000 particles, 0.34 MB\n[CUDA] Persistent particle buffer released.\n"
cuda,cuda,True,protocol,10000,3,10000,0,3.1721063260001756,2.397,10000.0,10000.0,160.0,4171.8599,0.2396,0.0001,0.2393,2.3927,0.0,./bin/rotea_sim_cuda --mode cuda --headless --particles 10000 --step protocol --steps 10000,se complete: Wash | retained=0.618225 | suspended=0.00130014 | omega=156\nPhase complete: Harvest | retained=0.167591 | suspended=0 | omega=48\nPhase complete: Load | retained=0.428657 | suspended=0.0061375 | omega=72\nPhase complete: Concentrate | retained=0.613941 | suspended=0.000937711 | omega=180\nPhase complete: Wash | retained=0.785825 | suspended=0.00130014 | omega=156\nPhase complete: Harvest | retained=0.335184 | suspended=0 | omega=48\nPhase complete: Load | retained=0.59625 | suspended=0.0061375 | omega=72\nPhase complete: Concentrate | retained=0.781534 | suspended=0.000937711 | omega=180\nPhase complete: Wash | retained=0.953419 | suspended=0.00130014 | omega=156\nPhase complete: Harvest | retained=0.502771 | suspended=0 | omega=48\nPhase complete: Load | retained=0.763837 | suspended=0.0061375 | omega=72\nPhase complete: Concentrate | retained=0.949121 | suspended=0.000937711 | omega=180\n\n========== Headless Benchmark ==========\nMode: cuda\nStep: protocol\nParticles: 10000\nUpdate steps: 10000\nSimulated seconds: 160\n=======================================\n\n========== Benchmark Summary ==========\nMode: cuda\nStep: protocol\nParticles: 10000\nFrames: 10000\nOverall runtime: 2.3970 s\nAverage FPS: 4171.8599\nAverage full frame runtime: 0.2396 ms/frame\nAverage system update runtime: 0.0001 ms/frame\nAverage CUDA particle update runtime: 0.2393 ms/frame\nTotal CUDA particle update runtime: 2.3927 s\nAverage render/swap/poll runtime: 0.0000 ms/frame\n=======================================\n,"[CUDA ENGINE] using persistent CUDA particle buffer\n[CUDA] Persistent particle buffer allocated: 10000 particles, 0.34 MB\n[CUDA] Persistent particle buffer released.\n"
cpu,cpu,True,load,10000,1,10000,0,3.756025645999898,3.6961,10000.0,10000.0,160.0,2705.5263,0.3696,0.0001,0.3694,3.6935,0.0,./bin/rotea_sim --mode cpu --headless --particles 10000 --step load --steps 10000,"Particles: 10000 total (9000 fluid, 1000 cells)\nMode: cpu\nStep: load\nHeadless: true\nUpdate steps: 10000\n\n========== Headless Benchmark ==========\nMode: cpu\nStep: load\nParticles: 10000\nUpdate steps: 10000\nSimulated seconds: 160\n=======================================\n\n========== Benchmark Summary ==========\nMode: cpu\nStep: load\nParticles: 10000\nFrames: 10000\nOverall runtime: 3.6961 s\nAverage FPS: 2705.5263\nAverage full frame runtime: 0.3696 ms/frame\nAverage system update runtime: 0.0001 ms/frame\nAverage CPU particle update runtime: 0.3694 ms/frame\nTotal CPU particle update runtime: 3.6935 s\nAverage render/swap/poll runtime: 0.0000 ms/frame\n=======================================\n",
cpu,cpu,True,load,10000,2,10000,0,3.871188446999895,3.806,10000.0,10000.0,160.0,2627.4395,0.3806,0.0001,0.3803,3.8033,0.0,./bin/rotea_sim --mode cpu --headless --particles 10000 --step load --steps 10000,"Particles: 10000 total (9000 fluid, 1000 cells)\nMode: cpu\nStep: load\nHeadless: true\nUpdate steps: 10000\n\n========== Headless Benchmark ==========\nMode: cpu\nStep: load\nParticles: 10000\nUpdate steps: 10000\nSimulated seconds: 160\n=======================================\n\n========== Benchmark Summary ==========\nMode: cpu\nStep: load\nParticles: 10000\nFrames: 10000\nOverall runtime: 3.8060 s\nAverage FPS: 2627.4395\nAverage full frame runtime: 0.3806 ms/frame\nAverage system update runtime: 0.0001 ms/frame\nAverage CPU particle update runtime: 0.3803 ms/frame\nTotal CPU particle update runtime: 3.8033 s\nAverage render/swap/poll runtime: 0.0000 ms/frame\n=======================================\n",
cpu,cpu,True,load,10000,3,10000,0,3.7981736140000066,3.7357,10000.0,10000.0,160.0,2676.8459,0.3735,0.0001,0.3733,3.7331,0.0,./bin/rotea_sim --mode cpu --headless --particles 10000 --step load --steps 10000,"Particles: 10000 total (9000 fluid, 1000 cells)\nMode: cpu\nStep: load\nHeadless: true\nUpdate steps: 10000\n\n========== Headless Benchmark ==========\nMode: cpu\nStep: load\nParticles: 10000\nUpdate steps: 10000\nSimulated seconds: 160\n=======================================\n\n========== Benchmark Summary ==========\nMode: cpu\nStep: load\nParticles: 10000\nFrames: 10000\nOverall runtime: 3.7357 s\nAverage FPS: 2676.8459\nAverage full frame runtime: 0.3735 ms/frame\nAverage system update runtime: 0.0001 ms/frame\nAverage CPU particle update runtime: 0.3733 ms/frame\nTotal CPU particle update runtime: 3.7331 s\nAverage render/swap/poll runtime: 0.0000 ms/frame\n=======================================\n",
cuda,cuda,True,load,10000,1,10000,0,3.614208352999867,2.3335,10000.0,10000.0,160.0,4285.4519,0.2333,0.0001,0.233,2.3296,0.0,./bin/rotea_sim_cuda --mode cuda --headless --particles 10000 --step load --steps 10000,"Particles: 10000 total (9000 fluid, 1000 cells)\nMode: cuda\nStep: load\nHeadless: true\nUpdate steps: 10000\n\n========== Headless Benchmark ==========\nMode: cuda\nStep: load\nParticles: 10000\nUpdate steps: 10000\nSimulated seconds: 160\n=======================================\n\n========== Benchmark Summary ==========\nMode: cuda\nStep: load\nParticles: 10000\nFrames: 10000\nOverall runtime: 2.3335 s\nAverage FPS: 4285.4519\nAverage full frame runtime: 0.2333 ms/frame\nAverage system update runtime: 0.0001 ms/frame\nAverage CUDA particle update runtime: 0.2330 ms/frame\nTotal CUDA particle update runtime: 2.3296 s\nAverage render/swap/poll runtime: 0.0000 ms/frame\n=======================================\n","[CUDA ENGINE] using persistent CUDA particle buffer\n[CUDA] Persistent particle buffer allocated: 10000 particles, 0.34 MB\n[CUDA] Persistent particle buffer released.\n"
cuda,cuda,True,load,10000,2,10000,0,3.150065422000125,2.3203,10000.0,10000.0,160.0,4309.8017,0.232,0.0001,0.2317,2.3167,0.0,./bin/rotea_sim_cuda --mode cuda --headless --particles 10000 --step load --steps 10000,"Particles: 10000 total (9000 fluid, 1000 cells)\nMode: cuda\nStep: load\nHeadless: true\nUpdate steps: 10000\n\n========== Headless Benchmark ==========\nMode: cuda\nStep: load\nParticles: 10000\nUpdate steps: 10000\nSimulated seconds: 160\n=======================================\n\n========== Benchmark Summary ==========\nMode: cuda\nStep: load\nParticles: 10000\nFrames: 10000\nOverall runtime: 2.3203 s\nAverage FPS: 4309.8017\nAverage full frame runtime: 0.2320 ms/frame\nAverage system update runtime: 0.0001 ms/frame\nAverage CUDA particle update runtime: 0.2317 ms/frame\nTotal CUDA particle update runtime: 2.3167 s\nAverage render/swap/poll runtime: 0.0000 ms/frame\n=======================================\n","[CUDA ENGINE] using persistent CUDA particle buffer\n[CUDA] Persistent particle buffer allocated: 10000 particles, 0.34 MB\n[CUDA] Persistent particle buffer released.\n"
cuda,cuda,True,load,10000,3,10000,0,3.0449690890000056,2.3022,10000.0,10000.0,160.0,4343.6037,0.2302,0.0001,0.2299,2.2988,0.0,./bin/rotea_sim_cuda --mode cuda --headless --particles 10000 --step load --steps 10000,"Particles: 10000 total (9000 fluid, 1000 cells)\nMode: cuda\nStep: load\nHeadless: true\nUpdate steps: 10000\n\n========== Headless Benchmark ==========\nMode: cuda\nStep: load\nParticles: 10000\nUpdate steps: 10000\nSimulated seconds: 160\n=======================================\n\n========== Benchmark Summary ==========\nMode: cuda\nStep: load\nParticles: 10000\nFrames: 10000\nOverall runtime: 2.3022 s\nAverage FPS: 4343.6037\nAverage full frame runtime: 0.2302 ms/frame\nAverage system update runtime: 0.0001 ms/frame\nAverage CUDA particle update runtime: 0.2299 ms/frame\nTotal CUDA particle update runtime: 2.2988 s\nAverage render/swap/poll runtime: 0.0000 ms/frame\n=======================================\n","[CUDA ENGINE] using persistent CUDA particle buffer\n[CUDA] Persistent particle buffer allocated: 10000 particles, 0.34 MB\n[CUDA] Persistent particle buffer released.\n"
cpu,cpu,True,concentrate,10000,1,10000,0,3.6627618829998028,3.5927,10000.0,10000.0,160.0,2783.3946,0.3592,0.0001,0.359,3.5904,0.0,./bin/rotea_sim --mode cpu --headless --particles 10000 --step concentrate --steps 10000,"Particles: 10000 total (9000 fluid, 1000 cells)\nMode: cpu\nStep: concentrate\nHeadless: true\nUpdate steps: 10000\n\n========== Headless Benchmark ==========\nMode: cpu\nStep: concentrate\nParticles: 10000\nUpdate steps: 10000\nSimulated seconds: 160\n=======================================\n\n========== Benchmark Summary ==========\nMode: cpu\nStep: concentrate\nParticles: 10000\nFrames: 10000\nOverall runtime: 3.5927 s\nAverage FPS: 2783.3946\nAverage full frame runtime: 0.3592 ms/frame\nAverage system update runtime: 0.0001 ms/frame\nAverage CPU particle update runtime: 0.3590 ms/frame\nTotal CPU particle update runtime: 3.5904 s\nAverage render/swap/poll runtime: 0.0000 ms/frame\n=======================================\n",
cpu,cpu,True,concentrate,10000,2,10000,0,3.7509835270000167,3.6781,10000.0,10000.0,160.0,2718.7645,0.3678,0.0001,0.3676,3.6755,0.0,./bin/rotea_sim --mode cpu --headless --particles 10000 --step concentrate --steps 10000,"Particles: 10000 total (9000 fluid, 1000 cells)\nMode: cpu\nStep: concentrate\nHeadless: true\nUpdate steps: 10000\n\n========== Headless Benchmark ==========\nMode: cpu\nStep: concentrate\nParticles: 10000\nUpdate steps: 10000\nSimulated seconds: 160\n=======================================\n\n========== Benchmark Summary ==========\nMode: cpu\nStep: concentrate\nParticles: 10000\nFrames: 10000\nOverall runtime: 3.6781 s\nAverage FPS: 2718.7645\nAverage full frame runtime: 0.3678 ms/frame\nAverage system update runtime: 0.0001 ms/frame\nAverage CPU particle update runtime: 0.3676 ms/frame\nTotal CPU particle update runtime: 3.6755 s\nAverage render/swap/poll runtime: 0.0000 ms/frame\n=======================================\n",
cpu,cpu,True,concentrate,10000,3,10000,0,3.7123379379997914,3.6149,10000.0,10000.0,160.0,2766.3348,0.3615,0.0001,0.3612,3.6125,0.0,./bin/rotea_sim --mode cpu --headless --particles 10000 --step concentrate --steps 10000,"Particles: 10000 total (9000 fluid, 1000 cells)\nMode: cpu\nStep: concentrate\nHeadless: true\nUpdate steps: 10000\n\n========== Headless Benchmark ==========\nMode: cpu\nStep: concentrate\nParticles: 10000\nUpdate steps: 10000\nSimulated seconds: 160\n=======================================\n\n========== Benchmark Summary ==========\nMode: cpu\nStep: concentrate\nParticles: 10000\nFrames: 10000\nOverall runtime: 3.6149 s\nAverage FPS: 2766.3348\nAverage full frame runtime: 0.3615 ms/frame\nAverage system update runtime: 0.0001 ms/frame\nAverage CPU particle update runtime: 0.3612 ms/frame\nTotal CPU particle update runtime: 3.6125 s\nAverage render/swap/poll runtime: 0.0000 ms/frame\n=======================================\n",
cuda,cuda,True,concentrate,10000,1,10000,0,5.024525933999939,2.5231,10000.0,10000.0,160.0,3963.3061,0.2523,0.0001,0.2519,2.5191,0.0,./bin/rotea_sim_cuda --mode cuda --headless --particles 10000 --step concentrate --steps 10000,"Particles: 10000 total (9000 fluid, 1000 cells)\nMode: cuda\nStep: concentrate\nHeadless: true\nUpdate steps: 10000\n\n========== Headless Benchmark ==========\nMode: cuda\nStep: concentrate\nParticles: 10000\nUpdate steps: 10000\nSimulated seconds: 160\n=======================================\n\n========== Benchmark Summary ==========\nMode: cuda\nStep: concentrate\nParticles: 10000\nFrames: 10000\nOverall runtime: 2.5231 s\nAverage FPS: 3963.3061\nAverage full frame runtime: 0.2523 ms/frame\nAverage system update runtime: 0.0001 ms/frame\nAverage CUDA particle update runtime: 0.2519 ms/frame\nTotal CUDA particle update runtime: 2.5191 s\nAverage render/swap/poll runtime: 0.0000 ms/frame\n=======================================\n","[CUDA ENGINE] using persistent CUDA particle buffer\n[CUDA] Persistent particle buffer allocated: 10000 particles, 0.34 MB\n[CUDA] Persistent particle buffer released.\n"
cuda,cuda,True,concentrate,10000,2,10000,0,3.235555263000151,2.5812,10000.0,10000.0,160.0,3874.1837,0.2581,0.0002,0.2577,2.5765,0.0,./bin/rotea_sim_cuda --mode cuda --headless --particles 10000 --step concentrate --steps 10000,"Particles: 10000 total (9000 fluid, 1000 cells)\nMode: cuda\nStep: concentrate\nHeadless: true\nUpdate steps: 10000\n\n========== Headless Benchmark ==========\nMode: cuda\nStep: concentrate\nParticles: 10000\nUpdate steps: 10000\nSimulated seconds: 160\n=======================================\n\n========== Benchmark Summary ==========\nMode: cuda\nStep: concentrate\nParticles: 10000\nFrames: 10000\nOverall runtime: 2.5812 s\nAverage FPS: 3874.1837\nAverage full frame runtime: 0.2581 ms/frame\nAverage system update runtime: 0.0002 ms/frame\nAverage CUDA particle update runtime: 0.2577 ms/frame\nTotal CUDA particle update runtime: 2.5765 s\nAverage render/swap/poll runtime: 0.0000 ms/frame\n=======================================\n","[CUDA ENGINE] using persistent CUDA particle buffer\n[CUDA] Persistent particle buffer allocated: 10000 particles, 0.34 MB\n[CUDA] Persistent particle buffer released.\n"
cuda,cuda,True,concentrate,10000,3,10000,0,3.14551716699998,2.4403,10000.0,10000.0,160.0,4097.851,0.244,0.0001,0.2437,2.4366,0.0,./bin/rotea_sim_cuda --mode cuda --headless --particles 10000 --step concentrate --steps 10000,"Particles: 10000 total (9000 fluid, 1000 cells)\nMode: cuda\nStep: concentrate\nHeadless: true\nUpdate steps: 10000\n\n========== Headless Benchmark ==========\nMode: cuda\nStep: concentrate\nParticles: 10000\nUpdate steps: 10000\nSimulated seconds: 160\n=======================================\n\n========== Benchmark Summary ==========\nMode: cuda\nStep: concentrate\nParticles: 10000\nFrames: 10000\nOverall runtime: 2.4403 s\nAverage FPS: 4097.8510\nAverage full frame runtime: 0.2440 ms/frame\nAverage system update runtime: 0.0001 ms/frame\nAverage CUDA particle update runtime: 0.2437 ms/frame\nTotal CUDA particle update runtime: 2.4366 s\nAverage render/swap/poll runtime: 0.0000 ms/frame\n=======================================\n","[CUDA ENGINE] using persistent CUDA particle buffer\n[CUDA] Persistent particle buffer allocated: 10000 particles, 0.34 MB\n[CUDA] Persistent particle buffer released.\n"
cpu,cpu,True,wash,10000,1,10000,0,3.9295002730000306,3.8521,10000.0,10000.0,160.0,2595.998,0.3852,0.0001,0.3849,3.8491,0.0,./bin/rotea_sim --mode cpu --headless --particles 10000 --step wash --steps 10000,"Particles: 10000 total (9000 fluid, 1000 cells)\nMode: cpu\nStep: wash\nHeadless: true\nUpdate steps: 10000\n\n========== Headless Benchmark ==========\nMode: cpu\nStep: wash\nParticles: 10000\nUpdate steps: 10000\nSimulated seconds: 160\n=======================================\n\n========== Benchmark Summary ==========\nMode: cpu\nStep: wash\nParticles: 10000\nFrames: 10000\nOverall runtime: 3.8521 s\nAverage FPS: 2595.9980\nAverage full frame runtime: 0.3852 ms/frame\nAverage system update runtime: 0.0001 ms/frame\nAverage CPU particle update runtime: 0.3849 ms/frame\nTotal CPU particle update runtime: 3.8491 s\nAverage render/swap/poll runtime: 0.0000 ms/frame\n=======================================\n",
cpu,cpu,True,wash,10000,2,10000,0,3.8335436939999,3.7621,10000.0,10000.0,160.0,2658.0807,0.3762,0.0001,0.376,3.7595,0.0,./bin/rotea_sim --mode cpu --headless --particles 10000 --step wash --steps 10000,"Particles: 10000 total (9000 fluid, 1000 cells)\nMode: cpu\nStep: wash\nHeadless: true\nUpdate steps: 10000\n\n========== Headless Benchmark ==========\nMode: cpu\nStep: wash\nParticles: 10000\nUpdate steps: 10000\nSimulated seconds: 160\n=======================================\n\n========== Benchmark Summary ==========\nMode: cpu\nStep: wash\nParticles: 10000\nFrames: 10000\nOverall runtime: 3.7621 s\nAverage FPS: 2658.0807\nAverage full frame runtime: 0.3762 ms/frame\nAverage system update runtime: 0.0001 ms/frame\nAverage CPU particle update runtime: 0.3760 ms/frame\nTotal CPU particle update runtime: 3.7595 s\nAverage render/swap/poll runtime: 0.0000 ms/frame\n=======================================\n",
cpu,cpu,True,wash,10000,3,10000,0,3.6455215989999488,3.5768,10000.0,10000.0,160.0,2795.8239,0.3576,0.0001,0.3574,3.5745,0.0,./bin/rotea_sim --mode cpu --headless --particles 10000 --step wash --steps 10000,"Particles: 10000 total (9000 fluid, 1000 cells)\nMode: cpu\nStep: wash\nHeadless: true\nUpdate steps: 10000\n\n========== Headless Benchmark ==========\nMode: cpu\nStep: wash\nParticles: 10000\nUpdate steps: 10000\nSimulated seconds: 160\n=======================================\n\n========== Benchmark Summary ==========\nMode: cpu\nStep: wash\nParticles: 10000\nFrames: 10000\nOverall runtime: 3.5768 s\nAverage FPS: 2795.8239\nAverage full frame runtime: 0.3576 ms/frame\nAverage system update runtime: 0.0001 ms/frame\nAverage CPU particle update runtime: 0.3574 ms/frame\nTotal CPU particle update runtime: 3.5745 s\nAverage render/swap/poll runtime: 0.0000 ms/frame\n=======================================\n",
cuda,cuda,True,wash,10000,1,10000,0,4.861094271999946,2.4793,10000.0,10000.0,160.0,4033.4456,0.2479,0.0002,0.2475,2.4749,0.0,./bin/rotea_sim_cuda --mode cuda --headless --particles 10000 --step wash --steps 10000,"Particles: 10000 total (9000 fluid, 1000 cells)\nMode: cuda\nStep: wash\nHeadless: true\nUpdate steps: 10000\n\n========== Headless Benchmark ==========\nMode: cuda\nStep: wash\nParticles: 10000\nUpdate steps: 10000\nSimulated seconds: 160\n=======================================\n\n========== Benchmark Summary ==========\nMode: cuda\nStep: wash\nParticles: 10000\nFrames: 10000\nOverall runtime: 2.4793 s\nAverage FPS: 4033.4456\nAverage full frame runtime: 0.2479 ms/frame\nAverage system update runtime: 0.0002 ms/frame\nAverage CUDA particle update runtime: 0.2475 ms/frame\nTotal CUDA particle update runtime: 2.4749 s\nAverage render/swap/poll runtime: 0.0000 ms/frame\n=======================================\n","[CUDA ENGINE] using persistent CUDA particle buffer\n[CUDA] Persistent particle buffer allocated: 10000 particles, 0.34 MB\n[CUDA] Persistent particle buffer released.\n"
cuda,cuda,True,wash,10000,2,10000,0,3.74564811800019,2.7073,10000.0,10000.0,160.0,3693.752,0.2707,0.0001,0.2703,2.7032,0.0,./bin/rotea_sim_cuda --mode cuda --headless --particles 10000 --step wash --steps 10000,"Particles: 10000 total (9000 fluid, 1000 cells)\nMode: cuda\nStep: wash\nHeadless: true\nUpdate steps: 10000\n\n========== Headless Benchmark ==========\nMode: cuda\nStep: wash\nParticles: 10000\nUpdate steps: 10000\nSimulated seconds: 160\n=======================================\n\n========== Benchmark Summary ==========\nMode: cuda\nStep: wash\nParticles: 10000\nFrames: 10000\nOverall runtime: 2.7073 s\nAverage FPS: 3693.7520\nAverage full frame runtime: 0.2707 ms/frame\nAverage system update runtime: 0.0001 ms/frame\nAverage CUDA particle update runtime: 0.2703 ms/frame\nTotal CUDA particle update runtime: 2.7032 s\nAverage render/swap/poll runtime: 0.0000 ms/frame\n=======================================\n","[CUDA ENGINE] using persistent CUDA particle buffer\n[CUDA] Persistent particle buffer allocated: 10000 particles, 0.34 MB\n[CUDA] Persistent particle buffer released.\n"
cuda,cuda,True,wash,10000,3,10000,0,3.348634397999831,2.519,10000.0,10000.0,160.0,3969.8879,0.2518,0.0001,0.2515,2.5153,0.0,./bin/rotea_sim_cuda --mode cuda --headless --particles 10000 --step wash --steps 10000,"Particles: 10000 total (9000 fluid, 1000 cells)\nMode: cuda\nStep: wash\nHeadless: true\nUpdate steps: 10000\n\n========== Headless Benchmark ==========\nMode: cuda\nStep: wash\nParticles: 10000\nUpdate steps: 10000\nSimulated seconds: 160\n=======================================\n\n========== Benchmark Summary ==========\nMode: cuda\nStep: wash\nParticles: 10000\nFrames: 10000\nOverall runtime: 2.5190 s\nAverage FPS: 3969.8879\nAverage full frame runtime: 0.2518 ms/frame\nAverage system update runtime: 0.0001 ms/frame\nAverage CUDA particle update runtime: 0.2515 ms/frame\nTotal CUDA particle update runtime: 2.5153 s\nAverage render/swap/poll runtime: 0.0000 ms/frame\n=======================================\n","[CUDA ENGINE] using persistent CUDA particle buffer\n[CUDA] Persistent particle buffer allocated: 10000 particles, 0.34 MB\n[CUDA] Persistent particle buffer released.\n"
cpu,cpu,True,harvest,10000,1,10000,0,3.735422344999961,3.6696,10000.0,10000.0,160.0,2725.1177,0.3669,0.0001,0.3667,3.6672,0.0,./bin/rotea_sim --mode cpu --headless --particles 10000 --step harvest --steps 10000,"Particles: 10000 total (9000 fluid, 1000 cells)\nMode: cpu\nStep: harvest\nHeadless: true\nUpdate steps: 10000\n\n========== Headless Benchmark ==========\nMode: cpu\nStep: harvest\nParticles: 10000\nUpdate steps: 10000\nSimulated seconds: 160\n=======================================\n\n========== Benchmark Summary ==========\nMode: cpu\nStep: harvest\nParticles: 10000\nFrames: 10000\nOverall runtime: 3.6696 s\nAverage FPS: 2725.1177\nAverage full frame runtime: 0.3669 ms/frame\nAverage system update runtime: 0.0001 ms/frame\nAverage CPU particle update runtime: 0.3667 ms/frame\nTotal CPU particle update runtime: 3.6672 s\nAverage render/swap/poll runtime: 0.0000 ms/frame\n=======================================\n",
cpu,cpu,True,harvest,10000,2,10000,0,3.7498199170001953,3.6681,10000.0,10000.0,160.0,2726.2435,0.3668,0.0001,0.3666,3.6657,0.0,./bin/rotea_sim --mode cpu --headless --particles 10000 --step harvest --steps 10000,"Particles: 10000 total (9000 fluid, 1000 cells)\nMode: cpu\nStep: harvest\nHeadless: true\nUpdate steps: 10000\n\n========== Headless Benchmark ==========\nMode: cpu\nStep: harvest\nParticles: 10000\nUpdate steps: 10000\nSimulated seconds: 160\n=======================================\n\n========== Benchmark Summary ==========\nMode: cpu\nStep: harvest\nParticles: 10000\nFrames: 10000\nOverall runtime: 3.6681 s\nAverage FPS: 2726.2435\nAverage full frame runtime: 0.3668 ms/frame\nAverage system update runtime: 0.0001 ms/frame\nAverage CPU particle update runtime: 0.3666 ms/frame\nTotal CPU particle update runtime: 3.6657 s\nAverage render/swap/poll runtime: 0.0000 ms/frame\n=======================================\n",
cpu,cpu,True,harvest,10000,3,10000,0,3.751795766999976,3.6842,10000.0,10000.0,160.0,2714.326,0.3684,0.0001,0.3682,3.6818,0.0,./bin/rotea_sim --mode cpu --headless --particles 10000 --step harvest --steps 10000,"Particles: 10000 total (9000 fluid, 1000 cells)\nMode: cpu\nStep: harvest\nHeadless: true\nUpdate steps: 10000\n\n========== Headless Benchmark ==========\nMode: cpu\nStep: harvest\nParticles: 10000\nUpdate steps: 10000\nSimulated seconds: 160\n=======================================\n\n========== Benchmark Summary ==========\nMode: cpu\nStep: harvest\nParticles: 10000\nFrames: 10000\nOverall runtime: 3.6842 s\nAverage FPS: 2714.3260\nAverage full frame runtime: 0.3684 ms/frame\nAverage system update runtime: 0.0001 ms/frame\nAverage CPU particle update runtime: 0.3682 ms/frame\nTotal CPU particle update runtime: 3.6818 s\nAverage render/swap/poll runtime: 0.0000 ms/frame\n=======================================\n",
cuda,cuda,True,harvest,10000,1,10000,0,4.885103261999802,2.3821,10000.0,10000.0,160.0,4198.061,0.2381,0.0001,0.2378,2.3781,0.0,./bin/rotea_sim_cuda --mode cuda --headless --particles 10000 --step harvest --steps 10000,"Particles: 10000 total (9000 fluid, 1000 cells)\nMode: cuda\nStep: harvest\nHeadless: true\nUpdate steps: 10000\n\n========== Headless Benchmark ==========\nMode: cuda\nStep: harvest\nParticles: 10000\nUpdate steps: 10000\nSimulated seconds: 160\n=======================================\n\n========== Benchmark Summary ==========\nMode: cuda\nStep: harvest\nParticles: 10000\nFrames: 10000\nOverall runtime: 2.3821 s\nAverage FPS: 4198.0610\nAverage full frame runtime: 0.2381 ms/frame\nAverage system update runtime: 0.0001 ms/frame\nAverage CUDA particle update runtime: 0.2378 ms/frame\nTotal CUDA particle update runtime: 2.3781 s\nAverage render/swap/poll runtime: 0.0000 ms/frame\n=======================================\n","[CUDA ENGINE] using persistent CUDA particle buffer\n[CUDA] Persistent particle buffer allocated: 10000 particles, 0.34 MB\n[CUDA] Persistent particle buffer released.\n"
cuda,cuda,True,harvest,10000,2,10000,0,3.0831913239999267,2.2845,10000.0,10000.0,160.0,4377.3059,0.2284,0.0001,0.2281,2.2811,0.0,./bin/rotea_sim_cuda --mode cuda --headless --particles 10000 --step harvest --steps 10000,"Particles: 10000 total (9000 fluid, 1000 cells)\nMode: cuda\nStep: harvest\nHeadless: true\nUpdate steps: 10000\n\n========== Headless Benchmark ==========\nMode: cuda\nStep: harvest\nParticles: 10000\nUpdate steps: 10000\nSimulated seconds: 160\n=======================================\n\n========== Benchmark Summary ==========\nMode: cuda\nStep: harvest\nParticles: 10000\nFrames: 10000\nOverall runtime: 2.2845 s\nAverage FPS: 4377.3059\nAverage full frame runtime: 0.2284 ms/frame\nAverage system update runtime: 0.0001 ms/frame\nAverage CUDA particle update runtime: 0.2281 ms/frame\nTotal CUDA particle update runtime: 2.2811 s\nAverage render/swap/poll runtime: 0.0000 ms/frame\n=======================================\n","[CUDA ENGINE] using persistent CUDA particle buffer\n[CUDA] Persistent particle buffer allocated: 10000 particles, 0.34 MB\n[CUDA] Persistent particle buffer released.\n"
cuda,cuda,True,harvest,10000,3,10000,0,3.3207291709998117,2.6265,10000.0,10000.0,160.0,3807.3967,0.2626,0.0001,0.2622,2.6222,0.0,./bin/rotea_sim_cuda --mode cuda --headless --particles 10000 --step harvest --steps 10000,"Particles: 10000 total (9000 fluid, 1000 cells)\nMode: cuda\nStep: harvest\nHeadless: true\nUpdate steps: 10000\n\n========== Headless Benchmark ==========\nMode: cuda\nStep: harvest\nParticles: 10000\nUpdate steps: 10000\nSimulated seconds: 160\n=======================================\n\n========== Benchmark Summary ==========\nMode: cuda\nStep: harvest\nParticles: 10000\nFrames: 10000\nOverall runtime: 2.6265 s\nAverage FPS: 3807.3967\nAverage full frame runtime: 0.2626 ms/frame\nAverage system update runtime: 0.0001 ms/frame\nAverage CUDA particle update runtime: 0.2622 ms/frame\nTotal CUDA particle update runtime: 2.6222 s\nAverage render/swap/poll runtime: 0.0000 ms/frame\n=======================================\n","[CUDA ENGINE] using persistent CUDA particle buffer\n[CUDA] Persistent particle buffer allocated: 10000 particles, 0.34 MB\n[CUDA] Persistent particle buffer released.\n"
cpu,cpu,True,protocol,50000,1,10000,0,18.019185625999853,17.9439,10000.0,10000.0,160.0,557.2926,1.7943,0.0001,1.794,17.9395,0.0,./bin/rotea_sim --mode cpu --headless --particles 50000 --step protocol --steps 10000,Phase complete: Wash | retained=0.618225 | suspended=0.00130014 | omega=156\nPhase complete: Harvest | retained=0.167591 | suspended=0 | omega=48\nPhase complete: Load | retained=0.428657 | suspended=0.0061375 | omega=72\nPhase complete: Concentrate | retained=0.613941 | suspended=0.000937711 | omega=180\nPhase complete: Wash | retained=0.785825 | suspended=0.00130014 | omega=156\nPhase complete: Harvest | retained=0.335184 | suspended=0 | omega=48\nPhase complete: Load | retained=0.59625 | suspended=0.0061375 | omega=72\nPhase complete: Concentrate | retained=0.781534 | suspended=0.000937711 | omega=180\nPhase complete: Wash | retained=0.953419 | suspended=0.00130014 | omega=156\nPhase complete: Harvest | retained=0.502771 | suspended=0 | omega=48\nPhase complete: Load | retained=0.763837 | suspended=0.0061375 | omega=72\nPhase complete: Concentrate | retained=0.949121 | suspended=0.000937711 | omega=180\n\n========== Headless Benchmark ==========\nMode: cpu\nStep: protocol\nParticles: 50000\nUpdate steps: 10000\nSimulated seconds: 160\n=======================================\n\n========== Benchmark Summary ==========\nMode: cpu\nStep: protocol\nParticles: 50000\nFrames: 10000\nOverall runtime: 17.9439 s\nAverage FPS: 557.2926\nAverage full frame runtime: 1.7943 ms/frame\nAverage system update runtime: 0.0001 ms/frame\nAverage CPU particle update runtime: 1.7940 ms/frame\nTotal CPU particle update runtime: 17.9395 s\nAverage render/swap/poll runtime: 0.0000 ms/frame\n=======================================\n,
cpu,cpu,True,protocol,50000,2,10000,0,18.064078892999987,17.9801,10000.0,10000.0,160.0,556.1716,1.798,0.0001,1.7975,17.9755,0.0,./bin/rotea_sim --mode cpu --headless --particles 50000 --step protocol --steps 10000,Phase complete: Wash | retained=0.618225 | suspended=0.00130014 | omega=156\nPhase complete: Harvest | retained=0.167591 | suspended=0 | omega=48\nPhase complete: Load | retained=0.428657 | suspended=0.0061375 | omega=72\nPhase complete: Concentrate | retained=0.613941 | suspended=0.000937711 | omega=180\nPhase complete: Wash | retained=0.785825 | suspended=0.00130014 | omega=156\nPhase complete: Harvest | retained=0.335184 | suspended=0 | omega=48\nPhase complete: Load | retained=0.59625 | suspended=0.0061375 | omega=72\nPhase complete: Concentrate | retained=0.781534 | suspended=0.000937711 | omega=180\nPhase complete: Wash | retained=0.953419 | suspended=0.00130014 | omega=156\nPhase complete: Harvest | retained=0.502771 | suspended=0 | omega=48\nPhase complete: Load | retained=0.763837 | suspended=0.0061375 | omega=72\nPhase complete: Concentrate | retained=0.949121 | suspended=0.000937711 | omega=180\n\n========== Headless Benchmark ==========\nMode: cpu\nStep: protocol\nParticles: 50000\nUpdate steps: 10000\nSimulated seconds: 160\n=======================================\n\n========== Benchmark Summary ==========\nMode: cpu\nStep: protocol\nParticles: 50000\nFrames: 10000\nOverall runtime: 17.9801 s\nAverage FPS: 556.1716\nAverage full frame runtime: 1.7980 ms/frame\nAverage system update runtime: 0.0001 ms/frame\nAverage CPU particle update runtime: 1.7975 ms/frame\nTotal CPU particle update runtime: 17.9755 s\nAverage render/swap/poll runtime: 0.0000 ms/frame\n=======================================\n,
cpu,cpu,True,protocol,50000,3,10000,0,18.03562304000002,17.9437,10000.0,10000.0,160.0,557.3,1.7943,0.0001,1.7939,17.9392,0.0,./bin/rotea_sim --mode cpu --headless --particles 50000 --step protocol --steps 10000,Phase complete: Wash | retained=0.618225 | suspended=0.00130014 | omega=156\nPhase complete: Harvest | retained=0.167591 | suspended=0 | omega=48\nPhase complete: Load | retained=0.428657 | suspended=0.0061375 | omega=72\nPhase complete: Concentrate | retained=0.613941 | suspended=0.000937711 | omega=180\nPhase complete: Wash | retained=0.785825 | suspended=0.00130014 | omega=156\nPhase complete: Harvest | retained=0.335184 | suspended=0 | omega=48\nPhase complete: Load | retained=0.59625 | suspended=0.0061375 | omega=72\nPhase complete: Concentrate | retained=0.781534 | suspended=0.000937711 | omega=180\nPhase complete: Wash | retained=0.953419 | suspended=0.00130014 | omega=156\nPhase complete: Harvest | retained=0.502771 | suspended=0 | omega=48\nPhase complete: Load | retained=0.763837 | suspended=0.0061375 | omega=72\nPhase complete: Concentrate | retained=0.949121 | suspended=0.000937711 | omega=180\n\n========== Headless Benchmark ==========\nMode: cpu\nStep: protocol\nParticles: 50000\nUpdate steps: 10000\nSimulated seconds: 160\n=======================================\n\n========== Benchmark Summary ==========\nMode: cpu\nStep: protocol\nParticles: 50000\nFrames: 10000\nOverall runtime: 17.9437 s\nAverage FPS: 557.3000\nAverage full frame runtime: 1.7943 ms/frame\nAverage system update runtime: 0.0001 ms/frame\nAverage CPU particle update runtime: 1.7939 ms/frame\nTotal CPU particle update runtime: 17.9392 s\nAverage render/swap/poll runtime: 0.0000 ms/frame\n=======================================\n,
cuda,cuda,True,protocol,50000,1,10000,0,7.322680267000123,6.3375,10000.0,10000.0,160.0,1577.9023,0.6337,0.0002,0.633,6.3304,0.0,./bin/rotea_sim_cuda --mode cuda --headless --particles 50000 --step protocol --steps 10000,se complete: Wash | retained=0.618225 | suspended=0.00130014 | omega=156\nPhase complete: Harvest | retained=0.167591 | suspended=0 | omega=48\nPhase complete: Load | retained=0.428657 | suspended=0.0061375 | omega=72\nPhase complete: Concentrate | retained=0.613941 | suspended=0.000937711 | omega=180\nPhase complete: Wash | retained=0.785825 | suspended=0.00130014 | omega=156\nPhase complete: Harvest | retained=0.335184 | suspended=0 | omega=48\nPhase complete: Load | retained=0.59625 | suspended=0.0061375 | omega=72\nPhase complete: Concentrate | retained=0.781534 | suspended=0.000937711 | omega=180\nPhase complete: Wash | retained=0.953419 | suspended=0.00130014 | omega=156\nPhase complete: Harvest | retained=0.502771 | suspended=0 | omega=48\nPhase complete: Load | retained=0.763837 | suspended=0.0061375 | omega=72\nPhase complete: Concentrate | retained=0.949121 | suspended=0.000937711 | omega=180\n\n========== Headless Benchmark ==========\nMode: cuda\nStep: protocol\nParticles: 50000\nUpdate steps: 10000\nSimulated seconds: 160\n=======================================\n\n========== Benchmark Summary ==========\nMode: cuda\nStep: protocol\nParticles: 50000\nFrames: 10000\nOverall runtime: 6.3375 s\nAverage FPS: 1577.9023\nAverage full frame runtime: 0.6337 ms/frame\nAverage system update runtime: 0.0002 ms/frame\nAverage CUDA particle update runtime: 0.6330 ms/frame\nTotal CUDA particle update runtime: 6.3304 s\nAverage render/swap/poll runtime: 0.0000 ms/frame\n=======================================\n,"[CUDA ENGINE] using persistent CUDA particle buffer\n[CUDA] Persistent particle buffer allocated: 50000 particles, 1.72 MB\n[CUDA] Persistent particle buffer released.\n"
cuda,cuda,True,protocol,50000,2,10000,0,6.959855672999993,6.1235,10000.0,10000.0,160.0,1633.0501,0.6123,0.0002,0.6117,6.1171,0.0,./bin/rotea_sim_cuda --mode cuda --headless --particles 50000 --step protocol --steps 10000,se complete: Wash | retained=0.618225 | suspended=0.00130014 | omega=156\nPhase complete: Harvest | retained=0.167591 | suspended=0 | omega=48\nPhase complete: Load | retained=0.428657 | suspended=0.0061375 | omega=72\nPhase complete: Concentrate | retained=0.613941 | suspended=0.000937711 | omega=180\nPhase complete: Wash | retained=0.785825 | suspended=0.00130014 | omega=156\nPhase complete: Harvest | retained=0.335184 | suspended=0 | omega=48\nPhase complete: Load | retained=0.59625 | suspended=0.0061375 | omega=72\nPhase complete: Concentrate | retained=0.781534 | suspended=0.000937711 | omega=180\nPhase complete: Wash | retained=0.953419 | suspended=0.00130014 | omega=156\nPhase complete: Harvest | retained=0.502771 | suspended=0 | omega=48\nPhase complete: Load | retained=0.763837 | suspended=0.0061375 | omega=72\nPhase complete: Concentrate | retained=0.949121 | suspended=0.000937711 | omega=180\n\n========== Headless Benchmark ==========\nMode: cuda\nStep: protocol\nParticles: 50000\nUpdate steps: 10000\nSimulated seconds: 160\n=======================================\n\n========== Benchmark Summary ==========\nMode: cuda\nStep: protocol\nParticles: 50000\nFrames: 10000\nOverall runtime: 6.1235 s\nAverage FPS: 1633.0501\nAverage full frame runtime: 0.6123 ms/frame\nAverage system update runtime: 0.0002 ms/frame\nAverage CUDA particle update runtime: 0.6117 ms/frame\nTotal CUDA particle update runtime: 6.1171 s\nAverage render/swap/poll runtime: 0.0000 ms/frame\n=======================================\n,"[CUDA ENGINE] using persistent CUDA particle buffer\n[CUDA] Persistent particle buffer allocated: 50000 particles, 1.72 MB\n[CUDA] Persistent particle buffer released.\n"
cuda,cuda,True,protocol,50000,3,10000,0,6.8980200470000455,6.0615,10000.0,10000.0,160.0,1649.761,0.6061,0.0002,0.6056,6.0557,0.0,./bin/rotea_sim_cuda --mode cuda --headless --particles 50000 --step protocol --steps 10000,se complete: Wash | retained=0.618225 | suspended=0.00130014 | omega=156\nPhase complete: Harvest | retained=0.167591 | suspended=0 | omega=48\nPhase complete: Load | retained=0.428657 | suspended=0.0061375 | omega=72\nPhase complete: Concentrate | retained=0.613941 | suspended=0.000937711 | omega=180\nPhase complete: Wash | retained=0.785825 | suspended=0.00130014 | omega=156\nPhase complete: Harvest | retained=0.335184 | suspended=0 | omega=48\nPhase complete: Load | retained=0.59625 | suspended=0.0061375 | omega=72\nPhase complete: Concentrate | retained=0.781534 | suspended=0.000937711 | omega=180\nPhase complete: Wash | retained=0.953419 | suspended=0.00130014 | omega=156\nPhase complete: Harvest | retained=0.502771 | suspended=0 | omega=48\nPhase complete: Load | retained=0.763837 | suspended=0.0061375 | omega=72\nPhase complete: Concentrate | retained=0.949121 | suspended=0.000937711 | omega=180\n\n========== Headless Benchmark ==========\nMode: cuda\nStep: protocol\nParticles: 50000\nUpdate steps: 10000\nSimulated seconds: 160\n=======================================\n\n========== Benchmark Summary ==========\nMode: cuda\nStep: protocol\nParticles: 50000\nFrames: 10000\nOverall runtime: 6.0615 s\nAverage FPS: 1649.7610\nAverage full frame runtime: 0.6061 ms/frame\nAverage system update runtime: 0.0002 ms/frame\nAverage CUDA particle update runtime: 0.6056 ms/frame\nTotal CUDA particle update runtime: 6.0557 s\nAverage render/swap/poll runtime: 0.0000 ms/frame\n=======================================\n,"[CUDA ENGINE] using persistent CUDA particle buffer\n[CUDA] Persistent particle buffer allocated: 50000 particles, 1.72 MB\n[CUDA] Persistent particle buffer released.\n"
cpu,cpu,True,load,50000,1,10000,0,18.28519412600008,18.1763,10000.0,10000.0,160.0,550.1675,1.8176,0.0001,1.8173,18.1727,0.0,./bin/rotea_sim --mode cpu --headless --particles 50000 --step load --steps 10000,"Particles: 50000 total (45000 fluid, 5000 cells)\nMode: cpu\nStep: load\nHeadless: true\nUpdate steps: 10000\n\n========== Headless Benchmark ==========\nMode: cpu\nStep: load\nParticles: 50000\nUpdate steps: 10000\nSimulated seconds: 160\n=======================================\n\n========== Benchmark Summary ==========\nMode: cpu\nStep: load\nParticles: 50000\nFrames: 10000\nOverall runtime: 18.1763 s\nAverage FPS: 550.1675\nAverage full frame runtime: 1.8176 ms/frame\nAverage system update runtime: 0.0001 ms/frame\nAverage CPU particle update runtime: 1.8173 ms/frame\nTotal CPU particle update runtime: 18.1727 s\nAverage render/swap/poll runtime: 0.0000 ms/frame\n=======================================\n",
cpu,cpu,True,load,50000,2,10000,0,18.389512155000148,18.3137,10000.0,10000.0,160.0,546.04,1.8313,0.0001,1.831,18.3099,0.0,./bin/rotea_sim --mode cpu --headless --particles 50000 --step load --steps 10000,"Particles: 50000 total (45000 fluid, 5000 cells)\nMode: cpu\nStep: load\nHeadless: true\nUpdate steps: 10000\n\n========== Headless Benchmark ==========\nMode: cpu\nStep: load\nParticles: 50000\nUpdate steps: 10000\nSimulated seconds: 160\n=======================================\n\n========== Benchmark Summary ==========\nMode: cpu\nStep: load\nParticles: 50000\nFrames: 10000\nOverall runtime: 18.3137 s\nAverage FPS: 546.0400\nAverage full frame runtime: 1.8313 ms/frame\nAverage system update runtime: 0.0001 ms/frame\nAverage CPU particle update runtime: 1.8310 ms/frame\nTotal CPU particle update runtime: 18.3099 s\nAverage render/swap/poll runtime: 0.0000 ms/frame\n=======================================\n",
cpu,cpu,True,load,50000,3,10000,0,18.722247416999835,18.6391,10000.0,10000.0,160.0,536.5055,1.8639,0.0002,1.8635,18.6347,0.0,./bin/rotea_sim --mode cpu --headless --particles 50000 --step load --steps 10000,"Particles: 50000 total (45000 fluid, 5000 cells)\nMode: cpu\nStep: load\nHeadless: true\nUpdate steps: 10000\n\n========== Headless Benchmark ==========\nMode: cpu\nStep: load\nParticles: 50000\nUpdate steps: 10000\nSimulated seconds: 160\n=======================================\n\n========== Benchmark Summary ==========\nMode: cpu\nStep: load\nParticles: 50000\nFrames: 10000\nOverall runtime: 18.6391 s\nAverage FPS: 536.5055\nAverage full frame runtime: 1.8639 ms/frame\nAverage system update runtime: 0.0002 ms/frame\nAverage CPU particle update runtime: 1.8635 ms/frame\nTotal CPU particle update runtime: 18.6347 s\nAverage render/swap/poll runtime: 0.0000 ms/frame\n=======================================\n",
cuda,cuda,True,load,50000,1,10000,0,9.201559364999866,6.797,10000.0,10000.0,160.0,1471.2427,0.6796,0.0002,0.679,6.7903,0.0,./bin/rotea_sim_cuda --mode cuda --headless --particles 50000 --step load --steps 10000,"Particles: 50000 total (45000 fluid, 5000 cells)\nMode: cuda\nStep: load\nHeadless: true\nUpdate steps: 10000\n\n========== Headless Benchmark ==========\nMode: cuda\nStep: load\nParticles: 50000\nUpdate steps: 10000\nSimulated seconds: 160\n=======================================\n\n========== Benchmark Summary ==========\nMode: cuda\nStep: load\nParticles: 50000\nFrames: 10000\nOverall runtime: 6.7970 s\nAverage FPS: 1471.2427\nAverage full frame runtime: 0.6796 ms/frame\nAverage system update runtime: 0.0002 ms/frame\nAverage CUDA particle update runtime: 0.6790 ms/frame\nTotal CUDA particle update runtime: 6.7903 s\nAverage render/swap/poll runtime: 0.0000 ms/frame\n=======================================\n","[CUDA ENGINE] using persistent CUDA particle buffer\n[CUDA] Persistent particle buffer allocated: 50000 particles, 1.72 MB\n[CUDA] Persistent particle buffer released.\n"
cuda,cuda,True,load,50000,2,10000,0,7.090690619000043,6.3071,10000.0,10000.0,160.0,1585.52,0.6306,0.0002,0.6301,6.3012,0.0,./bin/rotea_sim_cuda --mode cuda --headless --particles 50000 --step load --steps 10000,"Particles: 50000 total (45000 fluid, 5000 cells)\nMode: cuda\nStep: load\nHeadless: true\nUpdate steps: 10000\n\n========== Headless Benchmark ==========\nMode: cuda\nStep: load\nParticles: 50000\nUpdate steps: 10000\nSimulated seconds: 160\n=======================================\n\n========== Benchmark Summary ==========\nMode: cuda\nStep: load\nParticles: 50000\nFrames: 10000\nOverall runtime: 6.3071 s\nAverage FPS: 1585.5200\nAverage full frame runtime: 0.6306 ms/frame\nAverage system update runtime: 0.0002 ms/frame\nAverage CUDA particle update runtime: 0.6301 ms/frame\nTotal CUDA particle update runtime: 6.3012 s\nAverage render/swap/poll runtime: 0.0000 ms/frame\n=======================================\n","[CUDA ENGINE] using persistent CUDA particle buffer\n[CUDA] Persistent particle buffer allocated: 50000 particles, 1.72 MB\n[CUDA] Persistent particle buffer released.\n"
cuda,cuda,True,load,50000,3,10000,0,7.8952779329999885,7.162,10000.0,10000.0,160.0,1396.2506,0.7161,0.0003,0.7154,7.1539,0.0,./bin/rotea_sim_cuda --mode cuda --headless --particles 50000 --step load --steps 10000,"Particles: 50000 total (45000 fluid, 5000 cells)\nMode: cuda\nStep: load\nHeadless: true\nUpdate steps: 10000\n\n========== Headless Benchmark ==========\nMode: cuda\nStep: load\nParticles: 50000\nUpdate steps: 10000\nSimulated seconds: 160\n=======================================\n\n========== Benchmark Summary ==========\nMode: cuda\nStep: load\nParticles: 50000\nFrames: 10000\nOverall runtime: 7.1620 s\nAverage FPS: 1396.2506\nAverage full frame runtime: 0.7161 ms/frame\nAverage system update runtime: 0.0003 ms/frame\nAverage CUDA particle update runtime: 0.7154 ms/frame\nTotal CUDA particle update runtime: 7.1539 s\nAverage render/swap/poll runtime: 0.0000 ms/frame\n=======================================\n","[CUDA ENGINE] using persistent CUDA particle buffer\n[CUDA] Persistent particle buffer allocated: 50000 particles, 1.72 MB\n[CUDA] Persistent particle buffer released.\n"
cpu,cpu,True,concentrate,50000,1,10000,0,18.266885372999923,18.1952,10000.0,10000.0,160.0,549.5957,1.8195,0.0001,1.8191,18.1914,0.0,./bin/rotea_sim --mode cpu --headless --particles 50000 --step concentrate --steps 10000,"Particles: 50000 total (45000 fluid, 5000 cells)\nMode: cpu\nStep: concentrate\nHeadless: true\nUpdate steps: 10000\n\n========== Headless Benchmark ==========\nMode: cpu\nStep: concentrate\nParticles: 50000\nUpdate steps: 10000\nSimulated seconds: 160\n=======================================\n\n========== Benchmark Summary ==========\nMode: cpu\nStep: concentrate\nParticles: 50000\nFrames: 10000\nOverall runtime: 18.1952 s\nAverage FPS: 549.5957\nAverage full frame runtime: 1.8195 ms/frame\nAverage system update runtime: 0.0001 ms/frame\nAverage CPU particle update runtime: 1.8191 ms/frame\nTotal CPU particle update runtime: 18.1914 s\nAverage render/swap/poll runtime: 0.0000 ms/frame\n=======================================\n",
cpu,cpu,True,concentrate,50000,2,10000,0,18.361174966000135,18.2973,10000.0,10000.0,160.0,546.528,1.8297,0.0001,1.8293,18.2934,0.0,./bin/rotea_sim --mode cpu --headless --particles 50000 --step concentrate --steps 10000,"Particles: 50000 total (45000 fluid, 5000 cells)\nMode: cpu\nStep: concentrate\nHeadless: true\nUpdate steps: 10000\n\n========== Headless Benchmark ==========\nMode: cpu\nStep: concentrate\nParticles: 50000\nUpdate steps: 10000\nSimulated seconds: 160\n=======================================\n\n========== Benchmark Summary ==========\nMode: cpu\nStep: concentrate\nParticles: 50000\nFrames: 10000\nOverall runtime: 18.2973 s\nAverage FPS: 546.5280\nAverage full frame runtime: 1.8297 ms/frame\nAverage system update runtime: 0.0001 ms/frame\nAverage CPU particle update runtime: 1.8293 ms/frame\nTotal CPU particle update runtime: 18.2934 s\nAverage render/swap/poll runtime: 0.0000 ms/frame\n=======================================\n",
cpu,cpu,True,concentrate,50000,3,10000,0,18.436416689999987,18.3421,10000.0,10000.0,160.0,545.1943,1.8342,0.0002,1.8338,18.3377,0.0,./bin/rotea_sim --mode cpu --headless --particles 50000 --step concentrate --steps 10000,"Particles: 50000 total (45000 fluid, 5000 cells)\nMode: cpu\nStep: concentrate\nHeadless: true\nUpdate steps: 10000\n\n========== Headless Benchmark ==========\nMode: cpu\nStep: concentrate\nParticles: 50000\nUpdate steps: 10000\nSimulated seconds: 160\n=======================================\n\n========== Benchmark Summary ==========\nMode: cpu\nStep: concentrate\nParticles: 50000\nFrames: 10000\nOverall runtime: 18.3421 s\nAverage FPS: 545.1943\nAverage full frame runtime: 1.8342 ms/frame\nAverage system update runtime: 0.0002 ms/frame\nAverage CPU particle update runtime: 1.8338 ms/frame\nTotal CPU particle update runtime: 18.3377 s\nAverage render/swap/poll runtime: 0.0000 ms/frame\n=======================================\n",
cuda,cuda,True,concentrate,50000,1,10000,0,9.592219736000061,7.1346,10000.0,10000.0,160.0,1401.6241,0.7134,0.0003,0.7126,7.1263,0.0,./bin/rotea_sim_cuda --mode cuda --headless --particles 50000 --step concentrate --steps 10000,"Particles: 50000 total (45000 fluid, 5000 cells)\nMode: cuda\nStep: concentrate\nHeadless: true\nUpdate steps: 10000\n\n========== Headless Benchmark ==========\nMode: cuda\nStep: concentrate\nParticles: 50000\nUpdate steps: 10000\nSimulated seconds: 160\n=======================================\n\n========== Benchmark Summary ==========\nMode: cuda\nStep: concentrate\nParticles: 50000\nFrames: 10000\nOverall runtime: 7.1346 s\nAverage FPS: 1401.6241\nAverage full frame runtime: 0.7134 ms/frame\nAverage system update runtime: 0.0003 ms/frame\nAverage CUDA particle update runtime: 0.7126 ms/frame\nTotal CUDA particle update runtime: 7.1263 s\nAverage render/swap/poll runtime: 0.0000 ms/frame\n=======================================\n","[CUDA ENGINE] using persistent CUDA particle buffer\n[CUDA] Persistent particle buffer allocated: 50000 particles, 1.72 MB\n[CUDA] Persistent particle buffer released.\n"
cuda,cuda,True,concentrate,50000,2,10000,0,7.753299279999965,6.9809,10000.0,10000.0,160.0,1432.4721,0.698,0.0003,0.6974,6.9737,0.0,./bin/rotea_sim_cuda --mode cuda --headless --particles 50000 --step concentrate --steps 10000,"Particles: 50000 total (45000 fluid, 5000 cells)\nMode: cuda\nStep: concentrate\nHeadless: true\nUpdate steps: 10000\n\n========== Headless Benchmark ==========\nMode: cuda\nStep: concentrate\nParticles: 50000\nUpdate steps: 10000\nSimulated seconds: 160\n=======================================\n\n========== Benchmark Summary ==========\nMode: cuda\nStep: concentrate\nParticles: 50000\nFrames: 10000\nOverall runtime: 6.9809 s\nAverage FPS: 1432.4721\nAverage full frame runtime: 0.6980 ms/frame\nAverage system update runtime: 0.0003 ms/frame\nAverage CUDA particle update runtime: 0.6974 ms/frame\nTotal CUDA particle update runtime: 6.9737 s\nAverage render/swap/poll runtime: 0.0000 ms/frame\n=======================================\n","[CUDA ENGINE] using persistent CUDA particle buffer\n[CUDA] Persistent particle buffer allocated: 50000 particles, 1.72 MB\n[CUDA] Persistent particle buffer released.\n"
cuda,cuda,True,concentrate,50000,3,10000,0,7.76725278899994,7.0903,10000.0,10000.0,160.0,1410.3749,0.709,0.0003,0.7083,7.083,0.0,./bin/rotea_sim_cuda --mode cuda --headless --particles 50000 --step concentrate --steps 10000,"Particles: 50000 total (45000 fluid, 5000 cells)\nMode: cuda\nStep: concentrate\nHeadless: true\nUpdate steps: 10000\n\n========== Headless Benchmark ==========\nMode: cuda\nStep: concentrate\nParticles: 50000\nUpdate steps: 10000\nSimulated seconds: 160\n=======================================\n\n========== Benchmark Summary ==========\nMode: cuda\nStep: concentrate\nParticles: 50000\nFrames: 10000\nOverall runtime: 7.0903 s\nAverage FPS: 1410.3749\nAverage full frame runtime: 0.7090 ms/frame\nAverage system update runtime: 0.0003 ms/frame\nAverage CUDA particle update runtime: 0.7083 ms/frame\nTotal CUDA particle update runtime: 7.0830 s\nAverage render/swap/poll runtime: 0.0000 ms/frame\n=======================================\n","[CUDA ENGINE] using persistent CUDA particle buffer\n[CUDA] Persistent particle buffer allocated: 50000 particles, 1.72 MB\n[CUDA] Persistent particle buffer released.\n"
cpu,cpu,True,wash,50000,1,10000,0,18.583578980000084,18.5109,10000.0,10000.0,160.0,540.2213,1.851,0.0002,1.8506,18.5063,0.0,./bin/rotea_sim --mode cpu --headless --particles 50000 --step wash --steps 10000,"Particles: 50000 total (45000 fluid, 5000 cells)\nMode: cpu\nStep: wash\nHeadless: true\nUpdate steps: 10000\n\n========== Headless Benchmark ==========\nMode: cpu\nStep: wash\nParticles: 50000\nUpdate steps: 10000\nSimulated seconds: 160\n=======================================\n\n========== Benchmark Summary ==========\nMode: cpu\nStep: wash\nParticles: 50000\nFrames: 10000\nOverall runtime: 18.5109 s\nAverage FPS: 540.2213\nAverage full frame runtime: 1.8510 ms/frame\nAverage system update runtime: 0.0002 ms/frame\nAverage CPU particle update runtime: 1.8506 ms/frame\nTotal CPU particle update runtime: 18.5063 s\nAverage render/swap/poll runtime: 0.0000 ms/frame\n=======================================\n",
cpu,cpu,True,wash,50000,2,10000,0,18.59743468900001,18.509,10000.0,10000.0,160.0,540.2776,1.8509,0.0002,1.8504,18.5043,0.0,./bin/rotea_sim --mode cpu --headless --particles 50000 --step wash --steps 10000,"Particles: 50000 total (45000 fluid, 5000 cells)\nMode: cpu\nStep: wash\nHeadless: true\nUpdate steps: 10000\n\n========== Headless Benchmark ==========\nMode: cpu\nStep: wash\nParticles: 50000\nUpdate steps: 10000\nSimulated seconds: 160\n=======================================\n\n========== Benchmark Summary ==========\nMode: cpu\nStep: wash\nParticles: 50000\nFrames: 10000\nOverall runtime: 18.5090 s\nAverage FPS: 540.2776\nAverage full frame runtime: 1.8509 ms/frame\nAverage system update runtime: 0.0002 ms/frame\nAverage CPU particle update runtime: 1.8504 ms/frame\nTotal CPU particle update runtime: 18.5043 s\nAverage render/swap/poll runtime: 0.0000 ms/frame\n=======================================\n",
cpu,cpu,True,wash,50000,3,10000,0,18.540032380000184,18.4367,10000.0,10000.0,160.0,542.3955,1.8436,0.0002,1.8432,18.4321,0.0,./bin/rotea_sim --mode cpu --headless --particles 50000 --step wash --steps 10000,"Particles: 50000 total (45000 fluid, 5000 cells)\nMode: cpu\nStep: wash\nHeadless: true\nUpdate steps: 10000\n\n========== Headless Benchmark ==========\nMode: cpu\nStep: wash\nParticles: 50000\nUpdate steps: 10000\nSimulated seconds: 160\n=======================================\n\n========== Benchmark Summary ==========\nMode: cpu\nStep: wash\nParticles: 50000\nFrames: 10000\nOverall runtime: 18.4367 s\nAverage FPS: 542.3955\nAverage full frame runtime: 1.8436 ms/frame\nAverage system update runtime: 0.0002 ms/frame\nAverage CPU particle update runtime: 1.8432 ms/frame\nTotal CPU particle update runtime: 18.4321 s\nAverage render/swap/poll runtime: 0.0000 ms/frame\n=======================================\n",
cuda,cuda,True,wash,50000,1,10000,0,7.3319694360000085,6.1878,10000.0,10000.0,160.0,1616.0852,0.6187,0.0002,0.6182,6.1818,0.0,./bin/rotea_sim_cuda --mode cuda --headless --particles 50000 --step wash --steps 10000,"Particles: 50000 total (45000 fluid, 5000 cells)\nMode: cuda\nStep: wash\nHeadless: true\nUpdate steps: 10000\n\n========== Headless Benchmark ==========\nMode: cuda\nStep: wash\nParticles: 50000\nUpdate steps: 10000\nSimulated seconds: 160\n=======================================\n\n========== Benchmark Summary ==========\nMode: cuda\nStep: wash\nParticles: 50000\nFrames: 10000\nOverall runtime: 6.1878 s\nAverage FPS: 1616.0852\nAverage full frame runtime: 0.6187 ms/frame\nAverage system update runtime: 0.0002 ms/frame\nAverage CUDA particle update runtime: 0.6182 ms/frame\nTotal CUDA particle update runtime: 6.1818 s\nAverage render/swap/poll runtime: 0.0000 ms/frame\n=======================================\n","[CUDA ENGINE] using persistent CUDA particle buffer\n[CUDA] Persistent particle buffer allocated: 50000 particles, 1.72 MB\n[CUDA] Persistent particle buffer released.\n"
cuda,cuda,True,wash,50000,2,10000,0,7.268496652000067,6.3841,10000.0,10000.0,160.0,1566.3888,0.6383,0.0002,0.6379,6.3785,0.0,./bin/rotea_sim_cuda --mode cuda --headless --particles 50000 --step wash --steps 10000,"Particles: 50000 total (45000 fluid, 5000 cells)\nMode: cuda\nStep: wash\nHeadless: true\nUpdate steps: 10000\n\n========== Headless Benchmark ==========\nMode: cuda\nStep: wash\nParticles: 50000\nUpdate steps: 10000\nSimulated seconds: 160\n=======================================\n\n========== Benchmark Summary ==========\nMode: cuda\nStep: wash\nParticles: 50000\nFrames: 10000\nOverall runtime: 6.3841 s\nAverage FPS: 1566.3888\nAverage full frame runtime: 0.6383 ms/frame\nAverage system update runtime: 0.0002 ms/frame\nAverage CUDA particle update runtime: 0.6379 ms/frame\nTotal CUDA particle update runtime: 6.3785 s\nAverage render/swap/poll runtime: 0.0000 ms/frame\n=======================================\n","[CUDA ENGINE] using persistent CUDA particle buffer\n[CUDA] Persistent particle buffer allocated: 50000 particles, 1.72 MB\n[CUDA] Persistent particle buffer released.\n"
cuda,cuda,True,wash,50000,3,10000,0,6.8365799589998915,6.3117,10000.0,10000.0,160.0,1584.3656,0.6311,0.0002,0.6306,6.3057,0.0,./bin/rotea_sim_cuda --mode cuda --headless --particles 50000 --step wash --steps 10000,"Particles: 50000 total (45000 fluid, 5000 cells)\nMode: cuda\nStep: wash\nHeadless: true\nUpdate steps: 10000\n\n========== Headless Benchmark ==========\nMode: cuda\nStep: wash\nParticles: 50000\nUpdate steps: 10000\nSimulated seconds: 160\n=======================================\n\n========== Benchmark Summary ==========\nMode: cuda\nStep: wash\nParticles: 50000\nFrames: 10000\nOverall runtime: 6.3117 s\nAverage FPS: 1584.3656\nAverage full frame runtime: 0.6311 ms/frame\nAverage system update runtime: 0.0002 ms/frame\nAverage CUDA particle update runtime: 0.6306 ms/frame\nTotal CUDA particle update runtime: 6.3057 s\nAverage render/swap/poll runtime: 0.0000 ms/frame\n=======================================\n","[CUDA ENGINE] using persistent CUDA particle buffer\n[CUDA] Persistent particle buffer allocated: 50000 particles, 1.72 MB\n[CUDA] Persistent particle buffer released.\n"
cpu,cpu,True,harvest,50000,1,10000,0,18.56975131000013,18.4873,10000.0,10000.0,160.0,540.9108,1.8487,0.0001,1.8483,18.4831,0.0,./bin/rotea_sim --mode cpu --headless --particles 50000 --step harvest --steps 10000,"Particles: 50000 total (45000 fluid, 5000 cells)\nMode: cpu\nStep: harvest\nHeadless: true\nUpdate steps: 10000\n\n========== Headless Benchmark ==========\nMode: cpu\nStep: harvest\nParticles: 50000\nUpdate steps: 10000\nSimulated seconds: 160\n=======================================\n\n========== Benchmark Summary ==========\nMode: cpu\nStep: harvest\nParticles: 50000\nFrames: 10000\nOverall runtime: 18.4873 s\nAverage FPS: 540.9108\nAverage full frame runtime: 1.8487 ms/frame\nAverage system update runtime: 0.0001 ms/frame\nAverage CPU particle update runtime: 1.8483 ms/frame\nTotal CPU particle update runtime: 18.4831 s\nAverage render/swap/poll runtime: 0.0000 ms/frame\n=======================================\n",
cpu,cpu,True,harvest,50000,2,10000,0,18.69031186999996,18.6165,10000.0,10000.0,160.0,537.1592,1.8616,0.0001,1.8613,18.6125,0.0,./bin/rotea_sim --mode cpu --headless --particles 50000 --step harvest --steps 10000,"Particles: 50000 total (45000 fluid, 5000 cells)\nMode: cpu\nStep: harvest\nHeadless: true\nUpdate steps: 10000\n\n========== Headless Benchmark ==========\nMode: cpu\nStep: harvest\nParticles: 50000\nUpdate steps: 10000\nSimulated seconds: 160\n=======================================\n\n========== Benchmark Summary ==========\nMode: cpu\nStep: harvest\nParticles: 50000\nFrames: 10000\nOverall runtime: 18.6165 s\nAverage FPS: 537.1592\nAverage full frame runtime: 1.8616 ms/frame\nAverage system update runtime: 0.0001 ms/frame\nAverage CPU particle update runtime: 1.8613 ms/frame\nTotal CPU particle update runtime: 18.6125 s\nAverage render/swap/poll runtime: 0.0000 ms/frame\n=======================================\n",
cpu,cpu,True,harvest,50000,3,10000,0,18.643394157999865,18.5954,10000.0,10000.0,160.0,537.7672,1.8595,0.0001,1.8591,18.5914,0.0,./bin/rotea_sim --mode cpu --headless --particles 50000 --step harvest --steps 10000,"Particles: 50000 total (45000 fluid, 5000 cells)\nMode: cpu\nStep: harvest\nHeadless: true\nUpdate steps: 10000\n\n========== Headless Benchmark ==========\nMode: cpu\nStep: harvest\nParticles: 50000\nUpdate steps: 10000\nSimulated seconds: 160\n=======================================\n\n========== Benchmark Summary ==========\nMode: cpu\nStep: harvest\nParticles: 50000\nFrames: 10000\nOverall runtime: 18.5954 s\nAverage FPS: 537.7672\nAverage full frame runtime: 1.8595 ms/frame\nAverage system update runtime: 0.0001 ms/frame\nAverage CPU particle update runtime: 1.8591 ms/frame\nTotal CPU particle update runtime: 18.5914 s\nAverage render/swap/poll runtime: 0.0000 ms/frame\n=======================================\n",
cuda,cuda,True,harvest,50000,1,10000,0,9.167920501000026,6.9292,10000.0,10000.0,160.0,1443.1603,0.6929,0.0002,0.6922,6.9219,0.0,./bin/rotea_sim_cuda --mode cuda --headless --particles 50000 --step harvest --steps 10000,"Particles: 50000 total (45000 fluid, 5000 cells)\nMode: cuda\nStep: harvest\nHeadless: true\nUpdate steps: 10000\n\n========== Headless Benchmark ==========\nMode: cuda\nStep: harvest\nParticles: 50000\nUpdate steps: 10000\nSimulated seconds: 160\n=======================================\n\n========== Benchmark Summary ==========\nMode: cuda\nStep: harvest\nParticles: 50000\nFrames: 10000\nOverall runtime: 6.9292 s\nAverage FPS: 1443.1603\nAverage full frame runtime: 0.6929 ms/frame\nAverage system update runtime: 0.0002 ms/frame\nAverage CUDA particle update runtime: 0.6922 ms/frame\nTotal CUDA particle update runtime: 6.9219 s\nAverage render/swap/poll runtime: 0.0000 ms/frame\n=======================================\n","[CUDA ENGINE] using persistent CUDA particle buffer\n[CUDA] Persistent particle buffer allocated: 50000 particles, 1.72 MB\n[CUDA] Persistent particle buffer released.\n"
cuda,cuda,True,harvest,50000,2,10000,0,7.730132687999912,6.9982,10000.0,10000.0,160.0,1428.9397,0.6997,0.0002,0.6992,6.9917,0.0,./bin/rotea_sim_cuda --mode cuda --headless --particles 50000 --step harvest --steps 10000,"Particles: 50000 total (45000 fluid, 5000 cells)\nMode: cuda\nStep: harvest\nHeadless: true\nUpdate steps: 10000\n\n========== Headless Benchmark ==========\nMode: cuda\nStep: harvest\nParticles: 50000\nUpdate steps: 10000\nSimulated seconds: 160\n=======================================\n\n========== Benchmark Summary ==========\nMode: cuda\nStep: harvest\nParticles: 50000\nFrames: 10000\nOverall runtime: 6.9982 s\nAverage FPS: 1428.9397\nAverage full frame runtime: 0.6997 ms/frame\nAverage system update runtime: 0.0002 ms/frame\nAverage CUDA particle update runtime: 0.6992 ms/frame\nTotal CUDA particle update runtime: 6.9917 s\nAverage render/swap/poll runtime: 0.0000 ms/frame\n=======================================\n","[CUDA ENGINE] using persistent CUDA particle buffer\n[CUDA] Persistent particle buffer allocated: 50000 particles, 1.72 MB\n[CUDA] Persistent particle buffer released.\n"
cuda,cuda,True,harvest,50000,3,10000,0,7.4291126329999315,6.816,10000.0,10000.0,160.0,1467.1379,0.6815,0.0003,0.6809,6.8091,0.0,./bin/rotea_sim_cuda --mode cuda --headless --particles 50000 --step harvest --steps 10000,"Particles: 50000 total (45000 fluid, 5000 cells)\nMode: cuda\nStep: harvest\nHeadless: true\nUpdate steps: 10000\n\n========== Headless Benchmark ==========\nMode: cuda\nStep: harvest\nParticles: 50000\nUpdate steps: 10000\nSimulated seconds: 160\n=======================================\n\n========== Benchmark Summary ==========\nMode: cuda\nStep: harvest\nParticles: 50000\nFrames: 10000\nOverall runtime: 6.8160 s\nAverage FPS: 1467.1379\nAverage full frame runtime: 0.6815 ms/frame\nAverage system update runtime: 0.0003 ms/frame\nAverage CUDA particle update runtime: 0.6809 ms/frame\nTotal CUDA particle update runtime: 6.8091 s\nAverage render/swap/poll runtime: 0.0000 ms/frame\n=======================================\n","[CUDA ENGINE] using persistent CUDA particle buffer\n[CUDA] Persistent particle buffer allocated: 50000 particles, 1.72 MB\n[CUDA] Persistent particle buffer released.\n"
cpu,cpu,True,protocol,100000,1,10000,0,36.798418745999925,36.7313,10000.0,10000.0,160.0,272.2471,3.6731,0.0002,3.6726,36.7258,0.0,./bin/rotea_sim --mode cpu --headless --particles 100000 --step protocol --steps 10000,ase complete: Wash | retained=0.618225 | suspended=0.00130014 | omega=156\nPhase complete: Harvest | retained=0.167591 | suspended=0 | omega=48\nPhase complete: Load | retained=0.428657 | suspended=0.0061375 | omega=72\nPhase complete: Concentrate | retained=0.613941 | suspended=0.000937711 | omega=180\nPhase complete: Wash | retained=0.785825 | suspended=0.00130014 | omega=156\nPhase complete: Harvest | retained=0.335184 | suspended=0 | omega=48\nPhase complete: Load | retained=0.59625 | suspended=0.0061375 | omega=72\nPhase complete: Concentrate | retained=0.781534 | suspended=0.000937711 | omega=180\nPhase complete: Wash | retained=0.953419 | suspended=0.00130014 | omega=156\nPhase complete: Harvest | retained=0.502771 | suspended=0 | omega=48\nPhase complete: Load | retained=0.763837 | suspended=0.0061375 | omega=72\nPhase complete: Concentrate | retained=0.949121 | suspended=0.000937711 | omega=180\n\n========== Headless Benchmark ==========\nMode: cpu\nStep: protocol\nParticles: 100000\nUpdate steps: 10000\nSimulated seconds: 160\n=======================================\n\n========== Benchmark Summary ==========\nMode: cpu\nStep: protocol\nParticles: 100000\nFrames: 10000\nOverall runtime: 36.7313 s\nAverage FPS: 272.2471\nAverage full frame runtime: 3.6731 ms/frame\nAverage system update runtime: 0.0002 ms/frame\nAverage CPU particle update runtime: 3.6726 ms/frame\nTotal CPU particle update runtime: 36.7258 s\nAverage render/swap/poll runtime: 0.0000 ms/frame\n=======================================\n,
cpu,cpu,True,protocol,100000,2,10000,0,37.248006055999895,37.2048,10000.0,10000.0,160.0,268.7823,3.7204,0.0002,3.7199,37.1993,0.0,./bin/rotea_sim --mode cpu --headless --particles 100000 --step protocol --steps 10000,ase complete: Wash | retained=0.618225 | suspended=0.00130014 | omega=156\nPhase complete: Harvest | retained=0.167591 | suspended=0 | omega=48\nPhase complete: Load | retained=0.428657 | suspended=0.0061375 | omega=72\nPhase complete: Concentrate | retained=0.613941 | suspended=0.000937711 | omega=180\nPhase complete: Wash | retained=0.785825 | suspended=0.00130014 | omega=156\nPhase complete: Harvest | retained=0.335184 | suspended=0 | omega=48\nPhase complete: Load | retained=0.59625 | suspended=0.0061375 | omega=72\nPhase complete: Concentrate | retained=0.781534 | suspended=0.000937711 | omega=180\nPhase complete: Wash | retained=0.953419 | suspended=0.00130014 | omega=156\nPhase complete: Harvest | retained=0.502771 | suspended=0 | omega=48\nPhase complete: Load | retained=0.763837 | suspended=0.0061375 | omega=72\nPhase complete: Concentrate | retained=0.949121 | suspended=0.000937711 | omega=180\n\n========== Headless Benchmark ==========\nMode: cpu\nStep: protocol\nParticles: 100000\nUpdate steps: 10000\nSimulated seconds: 160\n=======================================\n\n========== Benchmark Summary ==========\nMode: cpu\nStep: protocol\nParticles: 100000\nFrames: 10000\nOverall runtime: 37.2048 s\nAverage FPS: 268.7823\nAverage full frame runtime: 3.7204 ms/frame\nAverage system update runtime: 0.0002 ms/frame\nAverage CPU particle update runtime: 3.7199 ms/frame\nTotal CPU particle update runtime: 37.1993 s\nAverage render/swap/poll runtime: 0.0000 ms/frame\n=======================================\n,
cpu,cpu,True,protocol,100000,3,10000,0,36.675574392000044,36.6248,10000.0,10000.0,160.0,273.039,3.6624,0.0002,3.662,36.6196,0.0,./bin/rotea_sim --mode cpu --headless --particles 100000 --step protocol --steps 10000,ase complete: Wash | retained=0.618225 | suspended=0.00130014 | omega=156\nPhase complete: Harvest | retained=0.167591 | suspended=0 | omega=48\nPhase complete: Load | retained=0.428657 | suspended=0.0061375 | omega=72\nPhase complete: Concentrate | retained=0.613941 | suspended=0.000937711 | omega=180\nPhase complete: Wash | retained=0.785825 | suspended=0.00130014 | omega=156\nPhase complete: Harvest | retained=0.335184 | suspended=0 | omega=48\nPhase complete: Load | retained=0.59625 | suspended=0.0061375 | omega=72\nPhase complete: Concentrate | retained=0.781534 | suspended=0.000937711 | omega=180\nPhase complete: Wash | retained=0.953419 | suspended=0.00130014 | omega=156\nPhase complete: Harvest | retained=0.502771 | suspended=0 | omega=48\nPhase complete: Load | retained=0.763837 | suspended=0.0061375 | omega=72\nPhase complete: Concentrate | retained=0.949121 | suspended=0.000937711 | omega=180\n\n========== Headless Benchmark ==========\nMode: cpu\nStep: protocol\nParticles: 100000\nUpdate steps: 10000\nSimulated seconds: 160\n=======================================\n\n========== Benchmark Summary ==========\nMode: cpu\nStep: protocol\nParticles: 100000\nFrames: 10000\nOverall runtime: 36.6248 s\nAverage FPS: 273.0390\nAverage full frame runtime: 3.6624 ms/frame\nAverage system update runtime: 0.0002 ms/frame\nAverage CPU particle update runtime: 3.6620 ms/frame\nTotal CPU particle update runtime: 36.6196 s\nAverage render/swap/poll runtime: 0.0000 ms/frame\n=======================================\n,
cuda,cuda,True,protocol,100000,1,10000,0,13.500781419000077,11.1357,10000.0,10000.0,160.0,898.0156,1.1135,0.0002,1.1129,11.1288,0.0,./bin/rotea_sim_cuda --mode cuda --headless --particles 100000 --step protocol --steps 10000,complete: Wash | retained=0.618225 | suspended=0.00130014 | omega=156\nPhase complete: Harvest | retained=0.167591 | suspended=0 | omega=48\nPhase complete: Load | retained=0.428657 | suspended=0.0061375 | omega=72\nPhase complete: Concentrate | retained=0.613941 | suspended=0.000937711 | omega=180\nPhase complete: Wash | retained=0.785825 | suspended=0.00130014 | omega=156\nPhase complete: Harvest | retained=0.335184 | suspended=0 | omega=48\nPhase complete: Load | retained=0.59625 | suspended=0.0061375 | omega=72\nPhase complete: Concentrate | retained=0.781534 | suspended=0.000937711 | omega=180\nPhase complete: Wash | retained=0.953419 | suspended=0.00130014 | omega=156\nPhase complete: Harvest | retained=0.502771 | suspended=0 | omega=48\nPhase complete: Load | retained=0.763837 | suspended=0.0061375 | omega=72\nPhase complete: Concentrate | retained=0.949121 | suspended=0.000937711 | omega=180\n\n========== Headless Benchmark ==========\nMode: cuda\nStep: protocol\nParticles: 100000\nUpdate steps: 10000\nSimulated seconds: 160\n=======================================\n\n========== Benchmark Summary ==========\nMode: cuda\nStep: protocol\nParticles: 100000\nFrames: 10000\nOverall runtime: 11.1357 s\nAverage FPS: 898.0156\nAverage full frame runtime: 1.1135 ms/frame\nAverage system update runtime: 0.0002 ms/frame\nAverage CUDA particle update runtime: 1.1129 ms/frame\nTotal CUDA particle update runtime: 11.1288 s\nAverage render/swap/poll runtime: 0.0000 ms/frame\n=======================================\n,"[CUDA ENGINE] using persistent CUDA particle buffer\n[CUDA] Persistent particle buffer allocated: 100000 particles, 3.43 MB\n[CUDA] Persistent particle buffer released.\n"
cuda,cuda,True,protocol,100000,2,10000,0,11.99761847600007,11.2793,10000.0,10000.0,160.0,886.578,1.1279,0.0002,1.1272,11.2718,0.0,./bin/rotea_sim_cuda --mode cuda --headless --particles 100000 --step protocol --steps 10000,complete: Wash | retained=0.618225 | suspended=0.00130014 | omega=156\nPhase complete: Harvest | retained=0.167591 | suspended=0 | omega=48\nPhase complete: Load | retained=0.428657 | suspended=0.0061375 | omega=72\nPhase complete: Concentrate | retained=0.613941 | suspended=0.000937711 | omega=180\nPhase complete: Wash | retained=0.785825 | suspended=0.00130014 | omega=156\nPhase complete: Harvest | retained=0.335184 | suspended=0 | omega=48\nPhase complete: Load | retained=0.59625 | suspended=0.0061375 | omega=72\nPhase complete: Concentrate | retained=0.781534 | suspended=0.000937711 | omega=180\nPhase complete: Wash | retained=0.953419 | suspended=0.00130014 | omega=156\nPhase complete: Harvest | retained=0.502771 | suspended=0 | omega=48\nPhase complete: Load | retained=0.763837 | suspended=0.0061375 | omega=72\nPhase complete: Concentrate | retained=0.949121 | suspended=0.000937711 | omega=180\n\n========== Headless Benchmark ==========\nMode: cuda\nStep: protocol\nParticles: 100000\nUpdate steps: 10000\nSimulated seconds: 160\n=======================================\n\n========== Benchmark Summary ==========\nMode: cuda\nStep: protocol\nParticles: 100000\nFrames: 10000\nOverall runtime: 11.2793 s\nAverage FPS: 886.5780\nAverage full frame runtime: 1.1279 ms/frame\nAverage system update runtime: 0.0002 ms/frame\nAverage CUDA particle update runtime: 1.1272 ms/frame\nTotal CUDA particle update runtime: 11.2718 s\nAverage render/swap/poll runtime: 0.0000 ms/frame\n=======================================\n,"[CUDA ENGINE] using persistent CUDA particle buffer\n[CUDA] Persistent particle buffer allocated: 100000 particles, 3.43 MB\n[CUDA] Persistent particle buffer released.\n"
cuda,cuda,True,protocol,100000,3,10000,0,11.588840498000081,10.8724,10000.0,10000.0,160.0,919.7568,1.0872,0.0002,1.0865,10.8653,0.0,./bin/rotea_sim_cuda --mode cuda --headless --particles 100000 --step protocol --steps 10000,complete: Wash | retained=0.618225 | suspended=0.00130014 | omega=156\nPhase complete: Harvest | retained=0.167591 | suspended=0 | omega=48\nPhase complete: Load | retained=0.428657 | suspended=0.0061375 | omega=72\nPhase complete: Concentrate | retained=0.613941 | suspended=0.000937711 | omega=180\nPhase complete: Wash | retained=0.785825 | suspended=0.00130014 | omega=156\nPhase complete: Harvest | retained=0.335184 | suspended=0 | omega=48\nPhase complete: Load | retained=0.59625 | suspended=0.0061375 | omega=72\nPhase complete: Concentrate | retained=0.781534 | suspended=0.000937711 | omega=180\nPhase complete: Wash | retained=0.953419 | suspended=0.00130014 | omega=156\nPhase complete: Harvest | retained=0.502771 | suspended=0 | omega=48\nPhase complete: Load | retained=0.763837 | suspended=0.0061375 | omega=72\nPhase complete: Concentrate | retained=0.949121 | suspended=0.000937711 | omega=180\n\n========== Headless Benchmark ==========\nMode: cuda\nStep: protocol\nParticles: 100000\nUpdate steps: 10000\nSimulated seconds: 160\n=======================================\n\n========== Benchmark Summary ==========\nMode: cuda\nStep: protocol\nParticles: 100000\nFrames: 10000\nOverall runtime: 10.8724 s\nAverage FPS: 919.7568\nAverage full frame runtime: 1.0872 ms/frame\nAverage system update runtime: 0.0002 ms/frame\nAverage CUDA particle update runtime: 1.0865 ms/frame\nTotal CUDA particle update runtime: 10.8653 s\nAverage render/swap/poll runtime: 0.0000 ms/frame\n=======================================\n,"[CUDA ENGINE] using persistent CUDA particle buffer\n[CUDA] Persistent particle buffer allocated: 100000 particles, 3.43 MB\n[CUDA] Persistent particle buffer released.\n"
cpu,cpu,True,load,100000,1,10000,0,36.67592023400016,36.6227,10000.0,10000.0,160.0,273.055,3.6622,0.0002,3.6618,36.6182,0.0,./bin/rotea_sim --mode cpu --headless --particles 100000 --step load --steps 10000,"Particles: 100000 total (90000 fluid, 10000 cells)\nMode: cpu\nStep: load\nHeadless: true\nUpdate steps: 10000\n\n========== Headless Benchmark ==========\nMode: cpu\nStep: load\nParticles: 100000\nUpdate steps: 10000\nSimulated seconds: 160\n=======================================\n\n========== Benchmark Summary ==========\nMode: cpu\nStep: load\nParticles: 100000\nFrames: 10000\nOverall runtime: 36.6227 s\nAverage FPS: 273.0550\nAverage full frame runtime: 3.6622 ms/frame\nAverage system update runtime: 0.0002 ms/frame\nAverage CPU particle update runtime: 3.6618 ms/frame\nTotal CPU particle update runtime: 36.6182 s\nAverage render/swap/poll runtime: 0.0000 ms/frame\n=======================================\n",
cpu,cpu,True,load,100000,2,10000,0,37.34447634800017,37.2829,10000.0,10000.0,160.0,268.2198,3.7282,0.0002,3.7278,37.2784,0.0,./bin/rotea_sim --mode cpu --headless --particles 100000 --step load --steps 10000,"Particles: 100000 total (90000 fluid, 10000 cells)\nMode: cpu\nStep: load\nHeadless: true\nUpdate steps: 10000\n\n========== Headless Benchmark ==========\nMode: cpu\nStep: load\nParticles: 100000\nUpdate steps: 10000\nSimulated seconds: 160\n=======================================\n\n========== Benchmark Summary ==========\nMode: cpu\nStep: load\nParticles: 100000\nFrames: 10000\nOverall runtime: 37.2829 s\nAverage FPS: 268.2198\nAverage full frame runtime: 3.7282 ms/frame\nAverage system update runtime: 0.0002 ms/frame\nAverage CPU particle update runtime: 3.7278 ms/frame\nTotal CPU particle update runtime: 37.2784 s\nAverage render/swap/poll runtime: 0.0000 ms/frame\n=======================================\n",
cpu,cpu,True,load,100000,3,10000,0,36.618887448999885,36.564,10000.0,10000.0,160.0,273.4933,3.6563,0.0002,3.6559,36.5595,0.0,./bin/rotea_sim --mode cpu --headless --particles 100000 --step load --steps 10000,"Particles: 100000 total (90000 fluid, 10000 cells)\nMode: cpu\nStep: load\nHeadless: true\nUpdate steps: 10000\n\n========== Headless Benchmark ==========\nMode: cpu\nStep: load\nParticles: 100000\nUpdate steps: 10000\nSimulated seconds: 160\n=======================================\n\n========== Benchmark Summary ==========\nMode: cpu\nStep: load\nParticles: 100000\nFrames: 10000\nOverall runtime: 36.5640 s\nAverage FPS: 273.4933\nAverage full frame runtime: 3.6563 ms/frame\nAverage system update runtime: 0.0002 ms/frame\nAverage CPU particle update runtime: 3.6559 ms/frame\nTotal CPU particle update runtime: 36.5595 s\nAverage render/swap/poll runtime: 0.0000 ms/frame\n=======================================\n",
cuda,cuda,True,load,100000,1,10000,0,12.85595357699981,10.6376,10000.0,10000.0,160.0,940.0635,1.0637,0.0002,1.0632,10.6316,0.0,./bin/rotea_sim_cuda --mode cuda --headless --particles 100000 --step load --steps 10000,"Particles: 100000 total (90000 fluid, 10000 cells)\nMode: cuda\nStep: load\nHeadless: true\nUpdate steps: 10000\n\n========== Headless Benchmark ==========\nMode: cuda\nStep: load\nParticles: 100000\nUpdate steps: 10000\nSimulated seconds: 160\n=======================================\n\n========== Benchmark Summary ==========\nMode: cuda\nStep: load\nParticles: 100000\nFrames: 10000\nOverall runtime: 10.6376 s\nAverage FPS: 940.0635\nAverage full frame runtime: 1.0637 ms/frame\nAverage system update runtime: 0.0002 ms/frame\nAverage CUDA particle update runtime: 1.0632 ms/frame\nTotal CUDA particle update runtime: 10.6316 s\nAverage render/swap/poll runtime: 0.0000 ms/frame\n=======================================\n","[CUDA ENGINE] using persistent CUDA particle buffer\n[CUDA] Persistent particle buffer allocated: 100000 particles, 3.43 MB\n[CUDA] Persistent particle buffer released.\n"
cuda,cuda,True,load,100000,2,10000,0,11.576505129999987,10.9508,10000.0,10000.0,160.0,913.1731,1.095,0.0002,1.0945,10.9452,0.0,./bin/rotea_sim_cuda --mode cuda --headless --particles 100000 --step load --steps 10000,"Particles: 100000 total (90000 fluid, 10000 cells)\nMode: cuda\nStep: load\nHeadless: true\nUpdate steps: 10000\n\n========== Headless Benchmark ==========\nMode: cuda\nStep: load\nParticles: 100000\nUpdate steps: 10000\nSimulated seconds: 160\n=======================================\n\n========== Benchmark Summary ==========\nMode: cuda\nStep: load\nParticles: 100000\nFrames: 10000\nOverall runtime: 10.9508 s\nAverage FPS: 913.1731\nAverage full frame runtime: 1.0950 ms/frame\nAverage system update runtime: 0.0002 ms/frame\nAverage CUDA particle update runtime: 1.0945 ms/frame\nTotal CUDA particle update runtime: 10.9452 s\nAverage render/swap/poll runtime: 0.0000 ms/frame\n=======================================\n","[CUDA ENGINE] using persistent CUDA particle buffer\n[CUDA] Persistent particle buffer allocated: 100000 particles, 3.43 MB\n[CUDA] Persistent particle buffer released.\n"
cuda,cuda,True,load,100000,3,10000,0,11.383385569999973,10.6631,10000.0,10000.0,160.0,937.8167,1.0661,0.0002,1.0657,10.6566,0.0,./bin/rotea_sim_cuda --mode cuda --headless --particles 100000 --step load --steps 10000,"Particles: 100000 total (90000 fluid, 10000 cells)\nMode: cuda\nStep: load\nHeadless: true\nUpdate steps: 10000\n\n========== Headless Benchmark ==========\nMode: cuda\nStep: load\nParticles: 100000\nUpdate steps: 10000\nSimulated seconds: 160\n=======================================\n\n========== Benchmark Summary ==========\nMode: cuda\nStep: load\nParticles: 100000\nFrames: 10000\nOverall runtime: 10.6631 s\nAverage FPS: 937.8167\nAverage full frame runtime: 1.0661 ms/frame\nAverage system update runtime: 0.0002 ms/frame\nAverage CUDA particle update runtime: 1.0657 ms/frame\nTotal CUDA particle update runtime: 10.6566 s\nAverage render/swap/poll runtime: 0.0000 ms/frame\n=======================================\n","[CUDA ENGINE] using persistent CUDA particle buffer\n[CUDA] Persistent particle buffer allocated: 100000 particles, 3.43 MB\n[CUDA] Persistent particle buffer released.\n"
cpu,cpu,True,concentrate,100000,1,10000,0,36.756012775000045,36.6948,10000.0,10000.0,160.0,272.5181,3.6694,0.0002,3.669,36.6903,0.0,./bin/rotea_sim --mode cpu --headless --particles 100000 --step concentrate --steps 10000,"Particles: 100000 total (90000 fluid, 10000 cells)\nMode: cpu\nStep: concentrate\nHeadless: true\nUpdate steps: 10000\n\n========== Headless Benchmark ==========\nMode: cpu\nStep: concentrate\nParticles: 100000\nUpdate steps: 10000\nSimulated seconds: 160\n=======================================\n\n========== Benchmark Summary ==========\nMode: cpu\nStep: concentrate\nParticles: 100000\nFrames: 10000\nOverall runtime: 36.6948 s\nAverage FPS: 272.5181\nAverage full frame runtime: 3.6694 ms/frame\nAverage system update runtime: 0.0002 ms/frame\nAverage CPU particle update runtime: 3.6690 ms/frame\nTotal CPU particle update runtime: 36.6903 s\nAverage render/swap/poll runtime: 0.0000 ms/frame\n=======================================\n",
cpu,cpu,True,concentrate,100000,2,10000,0,36.94096307099994,36.8926,10000.0,10000.0,160.0,271.0568,3.6892,0.0002,3.6888,36.8881,0.0,./bin/rotea_sim --mode cpu --headless --particles 100000 --step concentrate --steps 10000,"Particles: 100000 total (90000 fluid, 10000 cells)\nMode: cpu\nStep: concentrate\nHeadless: true\nUpdate steps: 10000\n\n========== Headless Benchmark ==========\nMode: cpu\nStep: concentrate\nParticles: 100000\nUpdate steps: 10000\nSimulated seconds: 160\n=======================================\n\n========== Benchmark Summary ==========\nMode: cpu\nStep: concentrate\nParticles: 100000\nFrames: 10000\nOverall runtime: 36.8926 s\nAverage FPS: 271.0568\nAverage full frame runtime: 3.6892 ms/frame\nAverage system update runtime: 0.0002 ms/frame\nAverage CPU particle update runtime: 3.6888 ms/frame\nTotal CPU particle update runtime: 36.8881 s\nAverage render/swap/poll runtime: 0.0000 ms/frame\n=======================================\n",
cpu,cpu,True,concentrate,100000,3,10000,0,36.769976227999905,36.7342,10000.0,10000.0,160.0,272.2257,3.6734,0.0002,3.673,36.7297,0.0,./bin/rotea_sim --mode cpu --headless --particles 100000 --step concentrate --steps 10000,"Particles: 100000 total (90000 fluid, 10000 cells)\nMode: cpu\nStep: concentrate\nHeadless: true\nUpdate steps: 10000\n\n========== Headless Benchmark ==========\nMode: cpu\nStep: concentrate\nParticles: 100000\nUpdate steps: 10000\nSimulated seconds: 160\n=======================================\n\n========== Benchmark Summary ==========\nMode: cpu\nStep: concentrate\nParticles: 100000\nFrames: 10000\nOverall runtime: 36.7342 s\nAverage FPS: 272.2257\nAverage full frame runtime: 3.6734 ms/frame\nAverage system update runtime: 0.0002 ms/frame\nAverage CPU particle update runtime: 3.6730 ms/frame\nTotal CPU particle update runtime: 36.7297 s\nAverage render/swap/poll runtime: 0.0000 ms/frame\n=======================================\n",
cuda,cuda,True,concentrate,100000,1,10000,0,13.39758371500011,11.1431,10000.0,10000.0,160.0,897.4179,1.1142,0.0002,1.1136,11.1362,0.0,./bin/rotea_sim_cuda --mode cuda --headless --particles 100000 --step concentrate --steps 10000,"Particles: 100000 total (90000 fluid, 10000 cells)\nMode: cuda\nStep: concentrate\nHeadless: true\nUpdate steps: 10000\n\n========== Headless Benchmark ==========\nMode: cuda\nStep: concentrate\nParticles: 100000\nUpdate steps: 10000\nSimulated seconds: 160\n=======================================\n\n========== Benchmark Summary ==========\nMode: cuda\nStep: concentrate\nParticles: 100000\nFrames: 10000\nOverall runtime: 11.1431 s\nAverage FPS: 897.4179\nAverage full frame runtime: 1.1142 ms/frame\nAverage system update runtime: 0.0002 ms/frame\nAverage CUDA particle update runtime: 1.1136 ms/frame\nTotal CUDA particle update runtime: 11.1362 s\nAverage render/swap/poll runtime: 0.0000 ms/frame\n=======================================\n","[CUDA ENGINE] using persistent CUDA particle buffer\n[CUDA] Persistent particle buffer allocated: 100000 particles, 3.43 MB\n[CUDA] Persistent particle buffer released.\n"
cuda,cuda,True,concentrate,100000,2,10000,0,11.738058039999942,11.0131,10000.0,10000.0,160.0,908.0093,1.1012,0.0002,1.1006,11.0064,0.0,./bin/rotea_sim_cuda --mode cuda --headless --particles 100000 --step concentrate --steps 10000,"Particles: 100000 total (90000 fluid, 10000 cells)\nMode: cuda\nStep: concentrate\nHeadless: true\nUpdate steps: 10000\n\n========== Headless Benchmark ==========\nMode: cuda\nStep: concentrate\nParticles: 100000\nUpdate steps: 10000\nSimulated seconds: 160\n=======================================\n\n========== Benchmark Summary ==========\nMode: cuda\nStep: concentrate\nParticles: 100000\nFrames: 10000\nOverall runtime: 11.0131 s\nAverage FPS: 908.0093\nAverage full frame runtime: 1.1012 ms/frame\nAverage system update runtime: 0.0002 ms/frame\nAverage CUDA particle update runtime: 1.1006 ms/frame\nTotal CUDA particle update runtime: 11.0064 s\nAverage render/swap/poll runtime: 0.0000 ms/frame\n=======================================\n","[CUDA ENGINE] using persistent CUDA particle buffer\n[CUDA] Persistent particle buffer allocated: 100000 particles, 3.43 MB\n[CUDA] Persistent particle buffer released.\n"
cuda,cuda,True,concentrate,100000,3,10000,0,11.678820407000103,10.9537,10000.0,10000.0,160.0,912.9305,1.0953,0.0002,1.0947,10.947,0.0,./bin/rotea_sim_cuda --mode cuda --headless --particles 100000 --step concentrate --steps 10000,"Particles: 100000 total (90000 fluid, 10000 cells)\nMode: cuda\nStep: concentrate\nHeadless: true\nUpdate steps: 10000\n\n========== Headless Benchmark ==========\nMode: cuda\nStep: concentrate\nParticles: 100000\nUpdate steps: 10000\nSimulated seconds: 160\n=======================================\n\n========== Benchmark Summary ==========\nMode: cuda\nStep: concentrate\nParticles: 100000\nFrames: 10000\nOverall runtime: 10.9537 s\nAverage FPS: 912.9305\nAverage full frame runtime: 1.0953 ms/frame\nAverage system update runtime: 0.0002 ms/frame\nAverage CUDA particle update runtime: 1.0947 ms/frame\nTotal CUDA particle update runtime: 10.9470 s\nAverage render/swap/poll runtime: 0.0000 ms/frame\n=======================================\n","[CUDA ENGINE] using persistent CUDA particle buffer\n[CUDA] Persistent particle buffer allocated: 100000 particles, 3.43 MB\n[CUDA] Persistent particle buffer released.\n"
cpu,cpu,True,wash,100000,1,10000,0,37.128222824999966,37.0504,10000.0,10000.0,160.0,269.9024,3.705,0.0002,3.7046,37.0461,0.0,./bin/rotea_sim --mode cpu --headless --particles 100000 --step wash --steps 10000,"Particles: 100000 total (90000 fluid, 10000 cells)\nMode: cpu\nStep: wash\nHeadless: true\nUpdate steps: 10000\n\n========== Headless Benchmark ==========\nMode: cpu\nStep: wash\nParticles: 100000\nUpdate steps: 10000\nSimulated seconds: 160\n=======================================\n\n========== Benchmark Summary ==========\nMode: cpu\nStep: wash\nParticles: 100000\nFrames: 10000\nOverall runtime: 37.0504 s\nAverage FPS: 269.9024\nAverage full frame runtime: 3.7050 ms/frame\nAverage system update runtime: 0.0002 ms/frame\nAverage CPU particle update runtime: 3.7046 ms/frame\nTotal CPU particle update runtime: 37.0461 s\nAverage render/swap/poll runtime: 0.0000 ms/frame\n=======================================\n",
cpu,cpu,True,wash,100000,2,10000,0,36.62083288899976,36.5865,10000.0,10000.0,160.0,273.3252,3.6586,0.0002,3.6582,36.582,0.0,./bin/rotea_sim --mode cpu --headless --particles 100000 --step wash --steps 10000,"Particles: 100000 total (90000 fluid, 10000 cells)\nMode: cpu\nStep: wash\nHeadless: true\nUpdate steps: 10000\n\n========== Headless Benchmark ==========\nMode: cpu\nStep: wash\nParticles: 100000\nUpdate steps: 10000\nSimulated seconds: 160\n=======================================\n\n========== Benchmark Summary ==========\nMode: cpu\nStep: wash\nParticles: 100000\nFrames: 10000\nOverall runtime: 36.5865 s\nAverage FPS: 273.3252\nAverage full frame runtime: 3.6586 ms/frame\nAverage system update runtime: 0.0002 ms/frame\nAverage CPU particle update runtime: 3.6582 ms/frame\nTotal CPU particle update runtime: 36.5820 s\nAverage render/swap/poll runtime: 0.0000 ms/frame\n=======================================\n",
cpu,cpu,True,wash,100000,3,10000,0,37.07251244200006,37.0408,10000.0,10000.0,160.0,269.9728,3.704,0.0002,3.7036,37.0362,0.0,./bin/rotea_sim --mode cpu --headless --particles 100000 --step wash --steps 10000,"Particles: 100000 total (90000 fluid, 10000 cells)\nMode: cpu\nStep: wash\nHeadless: true\nUpdate steps: 10000\n\n========== Headless Benchmark ==========\nMode: cpu\nStep: wash\nParticles: 100000\nUpdate steps: 10000\nSimulated seconds: 160\n=======================================\n\n========== Benchmark Summary ==========\nMode: cpu\nStep: wash\nParticles: 100000\nFrames: 10000\nOverall runtime: 37.0408 s\nAverage FPS: 269.9728\nAverage full frame runtime: 3.7040 ms/frame\nAverage system update runtime: 0.0002 ms/frame\nAverage CPU particle update runtime: 3.7036 ms/frame\nTotal CPU particle update runtime: 37.0362 s\nAverage render/swap/poll runtime: 0.0000 ms/frame\n=======================================\n",
cuda,cuda,True,wash,100000,1,10000,0,13.563793906999763,11.2901,10000.0,10000.0,160.0,885.7291,1.1289,0.0002,1.1283,11.2835,0.0,./bin/rotea_sim_cuda --mode cuda --headless --particles 100000 --step wash --steps 10000,"Particles: 100000 total (90000 fluid, 10000 cells)\nMode: cuda\nStep: wash\nHeadless: true\nUpdate steps: 10000\n\n========== Headless Benchmark ==========\nMode: cuda\nStep: wash\nParticles: 100000\nUpdate steps: 10000\nSimulated seconds: 160\n=======================================\n\n========== Benchmark Summary ==========\nMode: cuda\nStep: wash\nParticles: 100000\nFrames: 10000\nOverall runtime: 11.2901 s\nAverage FPS: 885.7291\nAverage full frame runtime: 1.1289 ms/frame\nAverage system update runtime: 0.0002 ms/frame\nAverage CUDA particle update runtime: 1.1283 ms/frame\nTotal CUDA particle update runtime: 11.2835 s\nAverage render/swap/poll runtime: 0.0000 ms/frame\n=======================================\n","[CUDA ENGINE] using persistent CUDA particle buffer\n[CUDA] Persistent particle buffer allocated: 100000 particles, 3.43 MB\n[CUDA] Persistent particle buffer released.\n"
cuda,cuda,True,wash,100000,2,10000,0,11.840781269000217,11.1712,10000.0,10000.0,160.0,895.1613,1.117,0.0003,1.1164,11.1643,0.0,./bin/rotea_sim_cuda --mode cuda --headless --particles 100000 --step wash --steps 10000,"Particles: 100000 total (90000 fluid, 10000 cells)\nMode: cuda\nStep: wash\nHeadless: true\nUpdate steps: 10000\n\n========== Headless Benchmark ==========\nMode: cuda\nStep: wash\nParticles: 100000\nUpdate steps: 10000\nSimulated seconds: 160\n=======================================\n\n========== Benchmark Summary ==========\nMode: cuda\nStep: wash\nParticles: 100000\nFrames: 10000\nOverall runtime: 11.1712 s\nAverage FPS: 895.1613\nAverage full frame runtime: 1.1170 ms/frame\nAverage system update runtime: 0.0003 ms/frame\nAverage CUDA particle update runtime: 1.1164 ms/frame\nTotal CUDA particle update runtime: 11.1643 s\nAverage render/swap/poll runtime: 0.0000 ms/frame\n=======================================\n","[CUDA ENGINE] using persistent CUDA particle buffer\n[CUDA] Persistent particle buffer allocated: 100000 particles, 3.43 MB\n[CUDA] Persistent particle buffer released.\n"
cuda,cuda,True,wash,100000,3,10000,0,11.671559131999857,10.9197,10000.0,10000.0,160.0,915.7792,1.0919,0.0002,1.0914,10.914,0.0,./bin/rotea_sim_cuda --mode cuda --headless --particles 100000 --step wash --steps 10000,"Particles: 100000 total (90000 fluid, 10000 cells)\nMode: cuda\nStep: wash\nHeadless: true\nUpdate steps: 10000\n\n========== Headless Benchmark ==========\nMode: cuda\nStep: wash\nParticles: 100000\nUpdate steps: 10000\nSimulated seconds: 160\n=======================================\n\n========== Benchmark Summary ==========\nMode: cuda\nStep: wash\nParticles: 100000\nFrames: 10000\nOverall runtime: 10.9197 s\nAverage FPS: 915.7792\nAverage full frame runtime: 1.0919 ms/frame\nAverage system update runtime: 0.0002 ms/frame\nAverage CUDA particle update runtime: 1.0914 ms/frame\nTotal CUDA particle update runtime: 10.9140 s\nAverage render/swap/poll runtime: 0.0000 ms/frame\n=======================================\n","[CUDA ENGINE] using persistent CUDA particle buffer\n[CUDA] Persistent particle buffer allocated: 100000 particles, 3.43 MB\n[CUDA] Persistent particle buffer released.\n"
cpu,cpu,True,harvest,100000,1,10000,0,37.28053815200019,37.2122,10000.0,10000.0,160.0,268.7289,3.7212,0.0002,3.7208,37.2076,0.0,./bin/rotea_sim --mode cpu --headless --particles 100000 --step harvest --steps 10000,"Particles: 100000 total (90000 fluid, 10000 cells)\nMode: cpu\nStep: harvest\nHeadless: true\nUpdate steps: 10000\n\n========== Headless Benchmark ==========\nMode: cpu\nStep: harvest\nParticles: 100000\nUpdate steps: 10000\nSimulated seconds: 160\n=======================================\n\n========== Benchmark Summary ==========\nMode: cpu\nStep: harvest\nParticles: 100000\nFrames: 10000\nOverall runtime: 37.2122 s\nAverage FPS: 268.7289\nAverage full frame runtime: 3.7212 ms/frame\nAverage system update runtime: 0.0002 ms/frame\nAverage CPU particle update runtime: 3.7208 ms/frame\nTotal CPU particle update runtime: 37.2076 s\nAverage render/swap/poll runtime: 0.0000 ms/frame\n=======================================\n",
cpu,cpu,True,harvest,100000,2,10000,0,37.001696175000234,36.9296,10000.0,10000.0,160.0,270.7857,3.6929,0.0001,3.6925,36.9254,0.0,./bin/rotea_sim --mode cpu --headless --particles 100000 --step harvest --steps 10000,"Particles: 100000 total (90000 fluid, 10000 cells)\nMode: cpu\nStep: harvest\nHeadless: true\nUpdate steps: 10000\n\n========== Headless Benchmark ==========\nMode: cpu\nStep: harvest\nParticles: 100000\nUpdate steps: 10000\nSimulated seconds: 160\n=======================================\n\n========== Benchmark Summary ==========\nMode: cpu\nStep: harvest\nParticles: 100000\nFrames: 10000\nOverall runtime: 36.9296 s\nAverage FPS: 270.7857\nAverage full frame runtime: 3.6929 ms/frame\nAverage system update runtime: 0.0001 ms/frame\nAverage CPU particle update runtime: 3.6925 ms/frame\nTotal CPU particle update runtime: 36.9254 s\nAverage render/swap/poll runtime: 0.0000 ms/frame\n=======================================\n",
cpu,cpu,True,harvest,100000,3,10000,0,37.1223547579998,37.0534,10000.0,10000.0,160.0,269.8805,3.7053,0.0002,3.7049,37.0487,0.0,./bin/rotea_sim --mode cpu --headless --particles 100000 --step harvest --steps 10000,"Particles: 100000 total (90000 fluid, 10000 cells)\nMode: cpu\nStep: harvest\nHeadless: true\nUpdate steps: 10000\n\n========== Headless Benchmark ==========\nMode: cpu\nStep: harvest\nParticles: 100000\nUpdate steps: 10000\nSimulated seconds: 160\n=======================================\n\n========== Benchmark Summary ==========\nMode: cpu\nStep: harvest\nParticles: 100000\nFrames: 10000\nOverall runtime: 37.0534 s\nAverage FPS: 269.8805\nAverage full frame runtime: 3.7053 ms/frame\nAverage system update runtime: 0.0002 ms/frame\nAverage CPU particle update runtime: 3.7049 ms/frame\nTotal CPU particle update runtime: 37.0487 s\nAverage render/swap/poll runtime: 0.0000 ms/frame\n=======================================\n",
cuda,cuda,True,harvest,100000,1,10000,0,12.491614491000291,10.17,10000.0,10000.0,160.0,983.2889,1.0169,0.0002,1.0164,10.1637,0.0,./bin/rotea_sim_cuda --mode cuda --headless --particles 100000 --step harvest --steps 10000,"Particles: 100000 total (90000 fluid, 10000 cells)\nMode: cuda\nStep: harvest\nHeadless: true\nUpdate steps: 10000\n\n========== Headless Benchmark ==========\nMode: cuda\nStep: harvest\nParticles: 100000\nUpdate steps: 10000\nSimulated seconds: 160\n=======================================\n\n========== Benchmark Summary ==========\nMode: cuda\nStep: harvest\nParticles: 100000\nFrames: 10000\nOverall runtime: 10.1700 s\nAverage FPS: 983.2889\nAverage full frame runtime: 1.0169 ms/frame\nAverage system update runtime: 0.0002 ms/frame\nAverage CUDA particle update runtime: 1.0164 ms/frame\nTotal CUDA particle update runtime: 10.1637 s\nAverage render/swap/poll runtime: 0.0000 ms/frame\n=======================================\n","[CUDA ENGINE] using persistent CUDA particle buffer\n[CUDA] Persistent particle buffer allocated: 100000 particles, 3.43 MB\n[CUDA] Persistent particle buffer released.\n"
cuda,cuda,True,harvest,100000,2,10000,0,11.408290143000158,10.8624,10000.0,10000.0,160.0,920.6109,1.0862,0.0003,1.0855,10.8555,0.0,./bin/rotea_sim_cuda --mode cuda --headless --particles 100000 --step harvest --steps 10000,"Particles: 100000 total (90000 fluid, 10000 cells)\nMode: cuda\nStep: harvest\nHeadless: true\nUpdate steps: 10000\n\n========== Headless Benchmark ==========\nMode: cuda\nStep: harvest\nParticles: 100000\nUpdate steps: 10000\nSimulated seconds: 160\n=======================================\n\n========== Benchmark Summary ==========\nMode: cuda\nStep: harvest\nParticles: 100000\nFrames: 10000\nOverall runtime: 10.8624 s\nAverage FPS: 920.6109\nAverage full frame runtime: 1.0862 ms/frame\nAverage system update runtime: 0.0003 ms/frame\nAverage CUDA particle update runtime: 1.0855 ms/frame\nTotal CUDA particle update runtime: 10.8555 s\nAverage render/swap/poll runtime: 0.0000 ms/frame\n=======================================\n","[CUDA ENGINE] using persistent CUDA particle buffer\n[CUDA] Persistent particle buffer allocated: 100000 particles, 3.43 MB\n[CUDA] Persistent particle buffer released.\n"
cuda,cuda,True,harvest,100000,3,10000,0,11.211286228000063,10.6426,10000.0,10000.0,160.0,939.6172,1.0642,0.0002,1.0636,10.6362,0.0,./bin/rotea_sim_cuda --mode cuda --headless --particles 100000 --step harvest --steps 10000,"Particles: 100000 total (90000 fluid, 10000 cells)\nMode: cuda\nStep: harvest\nHeadless: true\nUpdate steps: 10000\n\n========== Headless Benchmark ==========\nMode: cuda\nStep: harvest\nParticles: 100000\nUpdate steps: 10000\nSimulated seconds: 160\n=======================================\n\n========== Benchmark Summary ==========\nMode: cuda\nStep: harvest\nParticles: 100000\nFrames: 10000\nOverall runtime: 10.6426 s\nAverage FPS: 939.6172\nAverage full frame runtime: 1.0642 ms/frame\nAverage system update runtime: 0.0002 ms/frame\nAverage CUDA particle update runtime: 1.0636 ms/frame\nTotal CUDA particle update runtime: 10.6362 s\nAverage render/swap/poll runtime: 0.0000 ms/frame\n=======================================\n","[CUDA ENGINE] using persistent CUDA particle buffer\n[CUDA] Persistent particle buffer allocated: 100000 particles, 3.43 MB\n[CUDA] Persistent particle buffer released.\n"
cpu,cpu,True,protocol,200000,1,10000,0,74.91911179599992,74.8381,10000.0,10000.0,160.0,133.6218,7.4838,0.0004,7.4828,74.8282,0.0,./bin/rotea_sim --mode cpu --headless --particles 200000 --step protocol --steps 10000,ase complete: Wash | retained=0.618225 | suspended=0.00130014 | omega=156\nPhase complete: Harvest | retained=0.167591 | suspended=0 | omega=48\nPhase complete: Load | retained=0.428657 | suspended=0.0061375 | omega=72\nPhase complete: Concentrate | retained=0.613941 | suspended=0.000937711 | omega=180\nPhase complete: Wash | retained=0.785825 | suspended=0.00130014 | omega=156\nPhase complete: Harvest | retained=0.335184 | suspended=0 | omega=48\nPhase complete: Load | retained=0.59625 | suspended=0.0061375 | omega=72\nPhase complete: Concentrate | retained=0.781534 | suspended=0.000937711 | omega=180\nPhase complete: Wash | retained=0.953419 | suspended=0.00130014 | omega=156\nPhase complete: Harvest | retained=0.502771 | suspended=0 | omega=48\nPhase complete: Load | retained=0.763837 | suspended=0.0061375 | omega=72\nPhase complete: Concentrate | retained=0.949121 | suspended=0.000937711 | omega=180\n\n========== Headless Benchmark ==========\nMode: cpu\nStep: protocol\nParticles: 200000\nUpdate steps: 10000\nSimulated seconds: 160\n=======================================\n\n========== Benchmark Summary ==========\nMode: cpu\nStep: protocol\nParticles: 200000\nFrames: 10000\nOverall runtime: 74.8381 s\nAverage FPS: 133.6218\nAverage full frame runtime: 7.4838 ms/frame\nAverage system update runtime: 0.0004 ms/frame\nAverage CPU particle update runtime: 7.4828 ms/frame\nTotal CPU particle update runtime: 74.8282 s\nAverage render/swap/poll runtime: 0.0000 ms/frame\n=======================================\n,
cpu,cpu,True,protocol,200000,2,10000,0,74.39665684400006,74.3377,10000.0,10000.0,160.0,134.5213,7.4337,0.0004,7.4329,74.3286,0.0,./bin/rotea_sim --mode cpu --headless --particles 200000 --step protocol --steps 10000,ase complete: Wash | retained=0.618225 | suspended=0.00130014 | omega=156\nPhase complete: Harvest | retained=0.167591 | suspended=0 | omega=48\nPhase complete: Load | retained=0.428657 | suspended=0.0061375 | omega=72\nPhase complete: Concentrate | retained=0.613941 | suspended=0.000937711 | omega=180\nPhase complete: Wash | retained=0.785825 | suspended=0.00130014 | omega=156\nPhase complete: Harvest | retained=0.335184 | suspended=0 | omega=48\nPhase complete: Load | retained=0.59625 | suspended=0.0061375 | omega=72\nPhase complete: Concentrate | retained=0.781534 | suspended=0.000937711 | omega=180\nPhase complete: Wash | retained=0.953419 | suspended=0.00130014 | omega=156\nPhase complete: Harvest | retained=0.502771 | suspended=0 | omega=48\nPhase complete: Load | retained=0.763837 | suspended=0.0061375 | omega=72\nPhase complete: Concentrate | retained=0.949121 | suspended=0.000937711 | omega=180\n\n========== Headless Benchmark ==========\nMode: cpu\nStep: protocol\nParticles: 200000\nUpdate steps: 10000\nSimulated seconds: 160\n=======================================\n\n========== Benchmark Summary ==========\nMode: cpu\nStep: protocol\nParticles: 200000\nFrames: 10000\nOverall runtime: 74.3377 s\nAverage FPS: 134.5213\nAverage full frame runtime: 7.4337 ms/frame\nAverage system update runtime: 0.0004 ms/frame\nAverage CPU particle update runtime: 7.4329 ms/frame\nTotal CPU particle update runtime: 74.3286 s\nAverage render/swap/poll runtime: 0.0000 ms/frame\n=======================================\n,
cpu,cpu,True,protocol,200000,3,10000,0,73.55425414699994,73.4205,10000.0,10000.0,160.0,136.2018,7.342,0.0004,7.3411,73.4107,0.0,./bin/rotea_sim --mode cpu --headless --particles 200000 --step protocol --steps 10000,ase complete: Wash | retained=0.618225 | suspended=0.00130014 | omega=156\nPhase complete: Harvest | retained=0.167591 | suspended=0 | omega=48\nPhase complete: Load | retained=0.428657 | suspended=0.0061375 | omega=72\nPhase complete: Concentrate | retained=0.613941 | suspended=0.000937711 | omega=180\nPhase complete: Wash | retained=0.785825 | suspended=0.00130014 | omega=156\nPhase complete: Harvest | retained=0.335184 | suspended=0 | omega=48\nPhase complete: Load | retained=0.59625 | suspended=0.0061375 | omega=72\nPhase complete: Concentrate | retained=0.781534 | suspended=0.000937711 | omega=180\nPhase complete: Wash | retained=0.953419 | suspended=0.00130014 | omega=156\nPhase complete: Harvest | retained=0.502771 | suspended=0 | omega=48\nPhase complete: Load | retained=0.763837 | suspended=0.0061375 | omega=72\nPhase complete: Concentrate | retained=0.949121 | suspended=0.000937711 | omega=180\n\n========== Headless Benchmark ==========\nMode: cpu\nStep: protocol\nParticles: 200000\nUpdate steps: 10000\nSimulated seconds: 160\n=======================================\n\n========== Benchmark Summary ==========\nMode: cpu\nStep: protocol\nParticles: 200000\nFrames: 10000\nOverall runtime: 73.4205 s\nAverage FPS: 136.2018\nAverage full frame runtime: 7.3420 ms/frame\nAverage system update runtime: 0.0004 ms/frame\nAverage CPU particle update runtime: 7.3411 ms/frame\nTotal CPU particle update runtime: 73.4107 s\nAverage render/swap/poll runtime: 0.0000 ms/frame\n=======================================\n,
cuda,cuda,True,protocol,200000,1,10000,0,21.235497646000113,18.8386,10000.0,10000.0,160.0,530.8238,1.8838,0.0002,1.8832,18.8322,0.0,./bin/rotea_sim_cuda --mode cuda --headless --particles 200000 --step protocol --steps 10000,complete: Wash | retained=0.618225 | suspended=0.00130014 | omega=156\nPhase complete: Harvest | retained=0.167591 | suspended=0 | omega=48\nPhase complete: Load | retained=0.428657 | suspended=0.0061375 | omega=72\nPhase complete: Concentrate | retained=0.613941 | suspended=0.000937711 | omega=180\nPhase complete: Wash | retained=0.785825 | suspended=0.00130014 | omega=156\nPhase complete: Harvest | retained=0.335184 | suspended=0 | omega=48\nPhase complete: Load | retained=0.59625 | suspended=0.0061375 | omega=72\nPhase complete: Concentrate | retained=0.781534 | suspended=0.000937711 | omega=180\nPhase complete: Wash | retained=0.953419 | suspended=0.00130014 | omega=156\nPhase complete: Harvest | retained=0.502771 | suspended=0 | omega=48\nPhase complete: Load | retained=0.763837 | suspended=0.0061375 | omega=72\nPhase complete: Concentrate | retained=0.949121 | suspended=0.000937711 | omega=180\n\n========== Headless Benchmark ==========\nMode: cuda\nStep: protocol\nParticles: 200000\nUpdate steps: 10000\nSimulated seconds: 160\n=======================================\n\n========== Benchmark Summary ==========\nMode: cuda\nStep: protocol\nParticles: 200000\nFrames: 10000\nOverall runtime: 18.8386 s\nAverage FPS: 530.8238\nAverage full frame runtime: 1.8838 ms/frame\nAverage system update runtime: 0.0002 ms/frame\nAverage CUDA particle update runtime: 1.8832 ms/frame\nTotal CUDA particle update runtime: 18.8322 s\nAverage render/swap/poll runtime: 0.0000 ms/frame\n=======================================\n,"[CUDA ENGINE] using persistent CUDA particle buffer\n[CUDA] Persistent particle buffer allocated: 200000 particles, 6.87 MB\n[CUDA] Persistent particle buffer released.\n"
cuda,cuda,True,protocol,200000,2,10000,0,20.107673963000252,19.5069,10000.0,10000.0,160.0,512.6382,1.9506,0.0003,1.9499,19.499,0.0,./bin/rotea_sim_cuda --mode cuda --headless --particles 200000 --step protocol --steps 10000,complete: Wash | retained=0.618225 | suspended=0.00130014 | omega=156\nPhase complete: Harvest | retained=0.167591 | suspended=0 | omega=48\nPhase complete: Load | retained=0.428657 | suspended=0.0061375 | omega=72\nPhase complete: Concentrate | retained=0.613941 | suspended=0.000937711 | omega=180\nPhase complete: Wash | retained=0.785825 | suspended=0.00130014 | omega=156\nPhase complete: Harvest | retained=0.335184 | suspended=0 | omega=48\nPhase complete: Load | retained=0.59625 | suspended=0.0061375 | omega=72\nPhase complete: Concentrate | retained=0.781534 | suspended=0.000937711 | omega=180\nPhase complete: Wash | retained=0.953419 | suspended=0.00130014 | omega=156\nPhase complete: Harvest | retained=0.502771 | suspended=0 | omega=48\nPhase complete: Load | retained=0.763837 | suspended=0.0061375 | omega=72\nPhase complete: Concentrate | retained=0.949121 | suspended=0.000937711 | omega=180\n\n========== Headless Benchmark ==========\nMode: cuda\nStep: protocol\nParticles: 200000\nUpdate steps: 10000\nSimulated seconds: 160\n=======================================\n\n========== Benchmark Summary ==========\nMode: cuda\nStep: protocol\nParticles: 200000\nFrames: 10000\nOverall runtime: 19.5069 s\nAverage FPS: 512.6382\nAverage full frame runtime: 1.9506 ms/frame\nAverage system update runtime: 0.0003 ms/frame\nAverage CUDA particle update runtime: 1.9499 ms/frame\nTotal CUDA particle update runtime: 19.4990 s\nAverage render/swap/poll runtime: 0.0000 ms/frame\n=======================================\n,"[CUDA ENGINE] using persistent CUDA particle buffer\n[CUDA] Persistent particle buffer allocated: 200000 particles, 6.87 MB\n[CUDA] Persistent particle buffer released.\n"
cuda,cuda,True,protocol,200000,3,10000,0,19.926807129999816,19.2949,10000.0,10000.0,160.0,518.2711,1.9294,0.0003,1.9287,19.2867,0.0,./bin/rotea_sim_cuda --mode cuda --headless --particles 200000 --step protocol --steps 10000,complete: Wash | retained=0.618225 | suspended=0.00130014 | omega=156\nPhase complete: Harvest | retained=0.167591 | suspended=0 | omega=48\nPhase complete: Load | retained=0.428657 | suspended=0.0061375 | omega=72\nPhase complete: Concentrate | retained=0.613941 | suspended=0.000937711 | omega=180\nPhase complete: Wash | retained=0.785825 | suspended=0.00130014 | omega=156\nPhase complete: Harvest | retained=0.335184 | suspended=0 | omega=48\nPhase complete: Load | retained=0.59625 | suspended=0.0061375 | omega=72\nPhase complete: Concentrate | retained=0.781534 | suspended=0.000937711 | omega=180\nPhase complete: Wash | retained=0.953419 | suspended=0.00130014 | omega=156\nPhase complete: Harvest | retained=0.502771 | suspended=0 | omega=48\nPhase complete: Load | retained=0.763837 | suspended=0.0061375 | omega=72\nPhase complete: Concentrate | retained=0.949121 | suspended=0.000937711 | omega=180\n\n========== Headless Benchmark ==========\nMode: cuda\nStep: protocol\nParticles: 200000\nUpdate steps: 10000\nSimulated seconds: 160\n=======================================\n\n========== Benchmark Summary ==========\nMode: cuda\nStep: protocol\nParticles: 200000\nFrames: 10000\nOverall runtime: 19.2949 s\nAverage FPS: 518.2711\nAverage full frame runtime: 1.9294 ms/frame\nAverage system update runtime: 0.0003 ms/frame\nAverage CUDA particle update runtime: 1.9287 ms/frame\nTotal CUDA particle update runtime: 19.2867 s\nAverage render/swap/poll runtime: 0.0000 ms/frame\n=======================================\n,"[CUDA ENGINE] using persistent CUDA particle buffer\n[CUDA] Persistent particle buffer allocated: 200000 particles, 6.87 MB\n[CUDA] Persistent particle buffer released.\n"
cpu,cpu,True,load,200000,1,10000,0,73.71100852499967,73.6462,10000.0,10000.0,160.0,135.7843,7.3646,0.0002,7.3641,73.6409,0.0,./bin/rotea_sim --mode cpu --headless --particles 200000 --step load --steps 10000,"Particles: 200000 total (180000 fluid, 20000 cells)\nMode: cpu\nStep: load\nHeadless: true\nUpdate steps: 10000\n\n========== Headless Benchmark ==========\nMode: cpu\nStep: load\nParticles: 200000\nUpdate steps: 10000\nSimulated seconds: 160\n=======================================\n\n========== Benchmark Summary ==========\nMode: cpu\nStep: load\nParticles: 200000\nFrames: 10000\nOverall runtime: 73.6462 s\nAverage FPS: 135.7843\nAverage full frame runtime: 7.3646 ms/frame\nAverage system update runtime: 0.0002 ms/frame\nAverage CPU particle update runtime: 7.3641 ms/frame\nTotal CPU particle update runtime: 73.6409 s\nAverage render/swap/poll runtime: 0.0000 ms/frame\n=======================================\n",
cpu,cpu,True,load,200000,2,10000,0,75.59718883699998,75.5428,10000.0,10000.0,160.0,132.3752,7.5542,0.0002,7.5537,75.5373,0.0,./bin/rotea_sim --mode cpu --headless --particles 200000 --step load --steps 10000,"Particles: 200000 total (180000 fluid, 20000 cells)\nMode: cpu\nStep: load\nHeadless: true\nUpdate steps: 10000\n\n========== Headless Benchmark ==========\nMode: cpu\nStep: load\nParticles: 200000\nUpdate steps: 10000\nSimulated seconds: 160\n=======================================\n\n========== Benchmark Summary ==========\nMode: cpu\nStep: load\nParticles: 200000\nFrames: 10000\nOverall runtime: 75.5428 s\nAverage FPS: 132.3752\nAverage full frame runtime: 7.5542 ms/frame\nAverage system update runtime: 0.0002 ms/frame\nAverage CPU particle update runtime: 7.5537 ms/frame\nTotal CPU particle update runtime: 75.5373 s\nAverage render/swap/poll runtime: 0.0000 ms/frame\n=======================================\n",
cpu,cpu,True,load,200000,3,10000,0,73.49722864700016,73.4588,10000.0,10000.0,160.0,136.1308,7.3458,0.0003,7.3452,73.4517,0.0,./bin/rotea_sim --mode cpu --headless --particles 200000 --step load --steps 10000,"Particles: 200000 total (180000 fluid, 20000 cells)\nMode: cpu\nStep: load\nHeadless: true\nUpdate steps: 10000\n\n========== Headless Benchmark ==========\nMode: cpu\nStep: load\nParticles: 200000\nUpdate steps: 10000\nSimulated seconds: 160\n=======================================\n\n========== Benchmark Summary ==========\nMode: cpu\nStep: load\nParticles: 200000\nFrames: 10000\nOverall runtime: 73.4588 s\nAverage FPS: 136.1308\nAverage full frame runtime: 7.3458 ms/frame\nAverage system update runtime: 0.0003 ms/frame\nAverage CPU particle update runtime: 7.3452 ms/frame\nTotal CPU particle update runtime: 73.4517 s\nAverage render/swap/poll runtime: 0.0000 ms/frame\n=======================================\n",
cuda,cuda,True,load,200000,1,10000,0,21.569202257999677,19.307,10000.0,10000.0,160.0,517.9461,1.9306,0.0002,1.9302,19.3015,0.0,./bin/rotea_sim_cuda --mode cuda --headless --particles 200000 --step load --steps 10000,"Particles: 200000 total (180000 fluid, 20000 cells)\nMode: cuda\nStep: load\nHeadless: true\nUpdate steps: 10000\n\n========== Headless Benchmark ==========\nMode: cuda\nStep: load\nParticles: 200000\nUpdate steps: 10000\nSimulated seconds: 160\n=======================================\n\n========== Benchmark Summary ==========\nMode: cuda\nStep: load\nParticles: 200000\nFrames: 10000\nOverall runtime: 19.3070 s\nAverage FPS: 517.9461\nAverage full frame runtime: 1.9306 ms/frame\nAverage system update runtime: 0.0002 ms/frame\nAverage CUDA particle update runtime: 1.9302 ms/frame\nTotal CUDA particle update runtime: 19.3015 s\nAverage render/swap/poll runtime: 0.0000 ms/frame\n=======================================\n","[CUDA ENGINE] using persistent CUDA particle buffer\n[CUDA] Persistent particle buffer allocated: 200000 particles, 6.87 MB\n[CUDA] Persistent particle buffer released.\n"
cuda,cuda,True,load,200000,2,10000,0,20.58233516600012,19.9401,10000.0,10000.0,160.0,501.5018,1.9939,0.0002,1.9934,19.9341,0.0,./bin/rotea_sim_cuda --mode cuda --headless --particles 200000 --step load --steps 10000,"Particles: 200000 total (180000 fluid, 20000 cells)\nMode: cuda\nStep: load\nHeadless: true\nUpdate steps: 10000\n\n========== Headless Benchmark ==========\nMode: cuda\nStep: load\nParticles: 200000\nUpdate steps: 10000\nSimulated seconds: 160\n=======================================\n\n========== Benchmark Summary ==========\nMode: cuda\nStep: load\nParticles: 200000\nFrames: 10000\nOverall runtime: 19.9401 s\nAverage FPS: 501.5018\nAverage full frame runtime: 1.9939 ms/frame\nAverage system update runtime: 0.0002 ms/frame\nAverage CUDA particle update runtime: 1.9934 ms/frame\nTotal CUDA particle update runtime: 19.9341 s\nAverage render/swap/poll runtime: 0.0000 ms/frame\n=======================================\n","[CUDA ENGINE] using persistent CUDA particle buffer\n[CUDA] Persistent particle buffer allocated: 200000 particles, 6.87 MB\n[CUDA] Persistent particle buffer released.\n"
cuda,cuda,True,load,200000,3,10000,0,21.2121048719996,20.5373,10000.0,10000.0,160.0,486.9194,2.0537,0.0002,2.0531,20.5309,0.0,./bin/rotea_sim_cuda --mode cuda --headless --particles 200000 --step load --steps 10000,"Particles: 200000 total (180000 fluid, 20000 cells)\nMode: cuda\nStep: load\nHeadless: true\nUpdate steps: 10000\n\n========== Headless Benchmark ==========\nMode: cuda\nStep: load\nParticles: 200000\nUpdate steps: 10000\nSimulated seconds: 160\n=======================================\n\n========== Benchmark Summary ==========\nMode: cuda\nStep: load\nParticles: 200000\nFrames: 10000\nOverall runtime: 20.5373 s\nAverage FPS: 486.9194\nAverage full frame runtime: 2.0537 ms/frame\nAverage system update runtime: 0.0002 ms/frame\nAverage CUDA particle update runtime: 2.0531 ms/frame\nTotal CUDA particle update runtime: 20.5309 s\nAverage render/swap/poll runtime: 0.0000 ms/frame\n=======================================\n","[CUDA ENGINE] using persistent CUDA particle buffer\n[CUDA] Persistent particle buffer allocated: 200000 particles, 6.87 MB\n[CUDA] Persistent particle buffer released.\n"
cpu,cpu,True,concentrate,200000,1,10000,0,74.17699026100036,74.0832,10000.0,10000.0,160.0,134.9834,7.4083,0.0002,7.4077,74.0769,0.0,./bin/rotea_sim --mode cpu --headless --particles 200000 --step concentrate --steps 10000,"Particles: 200000 total (180000 fluid, 20000 cells)\nMode: cpu\nStep: concentrate\nHeadless: true\nUpdate steps: 10000\n\n========== Headless Benchmark ==========\nMode: cpu\nStep: concentrate\nParticles: 200000\nUpdate steps: 10000\nSimulated seconds: 160\n=======================================\n\n========== Benchmark Summary ==========\nMode: cpu\nStep: concentrate\nParticles: 200000\nFrames: 10000\nOverall runtime: 74.0832 s\nAverage FPS: 134.9834\nAverage full frame runtime: 7.4083 ms/frame\nAverage system update runtime: 0.0002 ms/frame\nAverage CPU particle update runtime: 7.4077 ms/frame\nTotal CPU particle update runtime: 74.0769 s\nAverage render/swap/poll runtime: 0.0000 ms/frame\n=======================================\n",
cpu,cpu,True,concentrate,200000,2,10000,0,74.91449658300007,74.8585,10000.0,10000.0,160.0,133.5854,7.4858,0.0002,7.4852,74.8525,0.0,./bin/rotea_sim --mode cpu --headless --particles 200000 --step concentrate --steps 10000,"Particles: 200000 total (180000 fluid, 20000 cells)\nMode: cpu\nStep: concentrate\nHeadless: true\nUpdate steps: 10000\n\n========== Headless Benchmark ==========\nMode: cpu\nStep: concentrate\nParticles: 200000\nUpdate steps: 10000\nSimulated seconds: 160\n=======================================\n\n========== Benchmark Summary ==========\nMode: cpu\nStep: concentrate\nParticles: 200000\nFrames: 10000\nOverall runtime: 74.8585 s\nAverage FPS: 133.5854\nAverage full frame runtime: 7.4858 ms/frame\nAverage system update runtime: 0.0002 ms/frame\nAverage CPU particle update runtime: 7.4852 ms/frame\nTotal CPU particle update runtime: 74.8525 s\nAverage render/swap/poll runtime: 0.0000 ms/frame\n=======================================\n",
cpu,cpu,True,concentrate,200000,3,10000,0,74.49025242300013,74.4324,10000.0,10000.0,160.0,134.3501,7.4432,0.0003,7.4427,74.4266,0.0,./bin/rotea_sim --mode cpu --headless --particles 200000 --step concentrate --steps 10000,"Particles: 200000 total (180000 fluid, 20000 cells)\nMode: cpu\nStep: concentrate\nHeadless: true\nUpdate steps: 10000\n\n========== Headless Benchmark ==========\nMode: cpu\nStep: concentrate\nParticles: 200000\nUpdate steps: 10000\nSimulated seconds: 160\n=======================================\n\n========== Benchmark Summary ==========\nMode: cpu\nStep: concentrate\nParticles: 200000\nFrames: 10000\nOverall runtime: 74.4324 s\nAverage FPS: 134.3501\nAverage full frame runtime: 7.4432 ms/frame\nAverage system update runtime: 0.0003 ms/frame\nAverage CPU particle update runtime: 7.4427 ms/frame\nTotal CPU particle update runtime: 74.4266 s\nAverage render/swap/poll runtime: 0.0000 ms/frame\n=======================================\n",
cuda,cuda,True,concentrate,200000,1,10000,0,21.867478456999834,19.5867,10000.0,10000.0,160.0,510.5503,1.9586,0.0002,1.9581,19.581,0.0,./bin/rotea_sim_cuda --mode cuda --headless --particles 200000 --step concentrate --steps 10000,"Particles: 200000 total (180000 fluid, 20000 cells)\nMode: cuda\nStep: concentrate\nHeadless: true\nUpdate steps: 10000\n\n========== Headless Benchmark ==========\nMode: cuda\nStep: concentrate\nParticles: 200000\nUpdate steps: 10000\nSimulated seconds: 160\n=======================================\n\n========== Benchmark Summary ==========\nMode: cuda\nStep: concentrate\nParticles: 200000\nFrames: 10000\nOverall runtime: 19.5867 s\nAverage FPS: 510.5503\nAverage full frame runtime: 1.9586 ms/frame\nAverage system update runtime: 0.0002 ms/frame\nAverage CUDA particle update runtime: 1.9581 ms/frame\nTotal CUDA particle update runtime: 19.5810 s\nAverage render/swap/poll runtime: 0.0000 ms/frame\n=======================================\n","[CUDA ENGINE] using persistent CUDA particle buffer\n[CUDA] Persistent particle buffer allocated: 200000 particles, 6.87 MB\n[CUDA] Persistent particle buffer released.\n"
cuda,cuda,True,concentrate,200000,2,10000,0,21.290130678999958,20.5897,10000.0,10000.0,160.0,485.6798,2.0589,0.0002,2.0583,20.5834,0.0,./bin/rotea_sim_cuda --mode cuda --headless --particles 200000 --step concentrate --steps 10000,"Particles: 200000 total (180000 fluid, 20000 cells)\nMode: cuda\nStep: concentrate\nHeadless: true\nUpdate steps: 10000\n\n========== Headless Benchmark ==========\nMode: cuda\nStep: concentrate\nParticles: 200000\nUpdate steps: 10000\nSimulated seconds: 160\n=======================================\n\n========== Benchmark Summary ==========\nMode: cuda\nStep: concentrate\nParticles: 200000\nFrames: 10000\nOverall runtime: 20.5897 s\nAverage FPS: 485.6798\nAverage full frame runtime: 2.0589 ms/frame\nAverage system update runtime: 0.0002 ms/frame\nAverage CUDA particle update runtime: 2.0583 ms/frame\nTotal CUDA particle update runtime: 20.5834 s\nAverage render/swap/poll runtime: 0.0000 ms/frame\n=======================================\n","[CUDA ENGINE] using persistent CUDA particle buffer\n[CUDA] Persistent particle buffer allocated: 200000 particles, 6.87 MB\n[CUDA] Persistent particle buffer released.\n"
cuda,cuda,True,concentrate,200000,3,10000,0,21.47246819699967,20.7458,10000.0,10000.0,160.0,482.0244,2.0745,0.0003,2.0739,20.739,0.0,./bin/rotea_sim_cuda --mode cuda --headless --particles 200000 --step concentrate --steps 10000,"Particles: 200000 total (180000 fluid, 20000 cells)\nMode: cuda\nStep: concentrate\nHeadless: true\nUpdate steps: 10000\n\n========== Headless Benchmark ==========\nMode: cuda\nStep: concentrate\nParticles: 200000\nUpdate steps: 10000\nSimulated seconds: 160\n=======================================\n\n========== Benchmark Summary ==========\nMode: cuda\nStep: concentrate\nParticles: 200000\nFrames: 10000\nOverall runtime: 20.7458 s\nAverage FPS: 482.0244\nAverage full frame runtime: 2.0745 ms/frame\nAverage system update runtime: 0.0003 ms/frame\nAverage CUDA particle update runtime: 2.0739 ms/frame\nTotal CUDA particle update runtime: 20.7390 s\nAverage render/swap/poll runtime: 0.0000 ms/frame\n=======================================\n","[CUDA ENGINE] using persistent CUDA particle buffer\n[CUDA] Persistent particle buffer allocated: 200000 particles, 6.87 MB\n[CUDA] Persistent particle buffer released.\n"
cpu,cpu,True,wash,200000,1,10000,0,74.03742851600009,73.9626,10000.0,10000.0,160.0,135.2035,7.3962,0.0002,7.3957,73.9568,0.0,./bin/rotea_sim --mode cpu --headless --particles 200000 --step wash --steps 10000,"Particles: 200000 total (180000 fluid, 20000 cells)\nMode: cpu\nStep: wash\nHeadless: true\nUpdate steps: 10000\n\n========== Headless Benchmark ==========\nMode: cpu\nStep: wash\nParticles: 200000\nUpdate steps: 10000\nSimulated seconds: 160\n=======================================\n\n========== Benchmark Summary ==========\nMode: cpu\nStep: wash\nParticles: 200000\nFrames: 10000\nOverall runtime: 73.9626 s\nAverage FPS: 135.2035\nAverage full frame runtime: 7.3962 ms/frame\nAverage system update runtime: 0.0002 ms/frame\nAverage CPU particle update runtime: 7.3957 ms/frame\nTotal CPU particle update runtime: 73.9568 s\nAverage render/swap/poll runtime: 0.0000 ms/frame\n=======================================\n",
cpu,cpu,True,wash,200000,2,10000,0,74.28242362400033,74.2046,10000.0,10000.0,160.0,134.7626,7.4203,0.0002,7.4198,74.1981,0.0,./bin/rotea_sim --mode cpu --headless --particles 200000 --step wash --steps 10000,"Particles: 200000 total (180000 fluid, 20000 cells)\nMode: cpu\nStep: wash\nHeadless: true\nUpdate steps: 10000\n\n========== Headless Benchmark ==========\nMode: cpu\nStep: wash\nParticles: 200000\nUpdate steps: 10000\nSimulated seconds: 160\n=======================================\n\n========== Benchmark Summary ==========\nMode: cpu\nStep: wash\nParticles: 200000\nFrames: 10000\nOverall runtime: 74.2046 s\nAverage FPS: 134.7626\nAverage full frame runtime: 7.4203 ms/frame\nAverage system update runtime: 0.0002 ms/frame\nAverage CPU particle update runtime: 7.4198 ms/frame\nTotal CPU particle update runtime: 74.1981 s\nAverage render/swap/poll runtime: 0.0000 ms/frame\n=======================================\n",
cpu,cpu,True,wash,200000,3,10000,0,74.44163137499982,74.3562,10000.0,10000.0,160.0,134.4877,7.4356,0.0002,7.435,74.3501,0.0,./bin/rotea_sim --mode cpu --headless --particles 200000 --step wash --steps 10000,"Particles: 200000 total (180000 fluid, 20000 cells)\nMode: cpu\nStep: wash\nHeadless: true\nUpdate steps: 10000\n\n========== Headless Benchmark ==========\nMode: cpu\nStep: wash\nParticles: 200000\nUpdate steps: 10000\nSimulated seconds: 160\n=======================================\n\n========== Benchmark Summary ==========\nMode: cpu\nStep: wash\nParticles: 200000\nFrames: 10000\nOverall runtime: 74.3562 s\nAverage FPS: 134.4877\nAverage full frame runtime: 7.4356 ms/frame\nAverage system update runtime: 0.0002 ms/frame\nAverage CPU particle update runtime: 7.4350 ms/frame\nTotal CPU particle update runtime: 74.3501 s\nAverage render/swap/poll runtime: 0.0000 ms/frame\n=======================================\n",
cuda,cuda,True,wash,200000,1,10000,0,22.950460281000232,20.6109,10000.0,10000.0,160.0,485.1793,2.061,0.0003,2.0604,20.6044,0.0,./bin/rotea_sim_cuda --mode cuda --headless --particles 200000 --step wash --steps 10000,"Particles: 200000 total (180000 fluid, 20000 cells)\nMode: cuda\nStep: wash\nHeadless: true\nUpdate steps: 10000\n\n========== Headless Benchmark ==========\nMode: cuda\nStep: wash\nParticles: 200000\nUpdate steps: 10000\nSimulated seconds: 160\n=======================================\n\n========== Benchmark Summary ==========\nMode: cuda\nStep: wash\nParticles: 200000\nFrames: 10000\nOverall runtime: 20.6109 s\nAverage FPS: 485.1793\nAverage full frame runtime: 2.0610 ms/frame\nAverage system update runtime: 0.0003 ms/frame\nAverage CUDA particle update runtime: 2.0604 ms/frame\nTotal CUDA particle update runtime: 20.6044 s\nAverage render/swap/poll runtime: 0.0000 ms/frame\n=======================================\n","[CUDA ENGINE] using persistent CUDA particle buffer\n[CUDA] Persistent particle buffer allocated: 200000 particles, 6.87 MB\n[CUDA] Persistent particle buffer released.\n"
cuda,cuda,True,wash,200000,2,10000,0,21.733970279999994,21.0194,10000.0,10000.0,160.0,475.7521,2.1019,0.0003,2.1012,21.0122,0.0,./bin/rotea_sim_cuda --mode cuda --headless --particles 200000 --step wash --steps 10000,"Particles: 200000 total (180000 fluid, 20000 cells)\nMode: cuda\nStep: wash\nHeadless: true\nUpdate steps: 10000\n\n========== Headless Benchmark ==========\nMode: cuda\nStep: wash\nParticles: 200000\nUpdate steps: 10000\nSimulated seconds: 160\n=======================================\n\n========== Benchmark Summary ==========\nMode: cuda\nStep: wash\nParticles: 200000\nFrames: 10000\nOverall runtime: 21.0194 s\nAverage FPS: 475.7521\nAverage full frame runtime: 2.1019 ms/frame\nAverage system update runtime: 0.0003 ms/frame\nAverage CUDA particle update runtime: 2.1012 ms/frame\nTotal CUDA particle update runtime: 21.0122 s\nAverage render/swap/poll runtime: 0.0000 ms/frame\n=======================================\n","[CUDA ENGINE] using persistent CUDA particle buffer\n[CUDA] Persistent particle buffer allocated: 200000 particles, 6.87 MB\n[CUDA] Persistent particle buffer released.\n"
cuda,cuda,True,wash,200000,3,10000,0,19.849700744000074,19.1496,10000.0,10000.0,160.0,522.204,1.9149,0.0002,1.9143,19.1434,0.0,./bin/rotea_sim_cuda --mode cuda --headless --particles 200000 --step wash --steps 10000,"Particles: 200000 total (180000 fluid, 20000 cells)\nMode: cuda\nStep: wash\nHeadless: true\nUpdate steps: 10000\n\n========== Headless Benchmark ==========\nMode: cuda\nStep: wash\nParticles: 200000\nUpdate steps: 10000\nSimulated seconds: 160\n=======================================\n\n========== Benchmark Summary ==========\nMode: cuda\nStep: wash\nParticles: 200000\nFrames: 10000\nOverall runtime: 19.1496 s\nAverage FPS: 522.2040\nAverage full frame runtime: 1.9149 ms/frame\nAverage system update runtime: 0.0002 ms/frame\nAverage CUDA particle update runtime: 1.9143 ms/frame\nTotal CUDA particle update runtime: 19.1434 s\nAverage render/swap/poll runtime: 0.0000 ms/frame\n=======================================\n","[CUDA ENGINE] using persistent CUDA particle buffer\n[CUDA] Persistent particle buffer allocated: 200000 particles, 6.87 MB\n[CUDA] Persistent particle buffer released.\n"
cpu,cpu,True,harvest,200000,1,10000,0,74.74839297500012,74.668,10000.0,10000.0,160.0,133.9261,7.4668,0.0002,7.4662,74.6624,0.0,./bin/rotea_sim --mode cpu --headless --particles 200000 --step harvest --steps 10000,"Particles: 200000 total (180000 fluid, 20000 cells)\nMode: cpu\nStep: harvest\nHeadless: true\nUpdate steps: 10000\n\n========== Headless Benchmark ==========\nMode: cpu\nStep: harvest\nParticles: 200000\nUpdate steps: 10000\nSimulated seconds: 160\n=======================================\n\n========== Benchmark Summary ==========\nMode: cpu\nStep: harvest\nParticles: 200000\nFrames: 10000\nOverall runtime: 74.6680 s\nAverage FPS: 133.9261\nAverage full frame runtime: 7.4668 ms/frame\nAverage system update runtime: 0.0002 ms/frame\nAverage CPU particle update runtime: 7.4662 ms/frame\nTotal CPU particle update runtime: 74.6624 s\nAverage render/swap/poll runtime: 0.0000 ms/frame\n=======================================\n",
cpu,cpu,True,harvest,200000,2,10000,0,74.16107737400034,74.0927,10000.0,10000.0,160.0,134.966,7.4092,0.0002,7.4088,74.088,0.0,./bin/rotea_sim --mode cpu --headless --particles 200000 --step harvest --steps 10000,"Particles: 200000 total (180000 fluid, 20000 cells)\nMode: cpu\nStep: harvest\nHeadless: true\nUpdate steps: 10000\n\n========== Headless Benchmark ==========\nMode: cpu\nStep: harvest\nParticles: 200000\nUpdate steps: 10000\nSimulated seconds: 160\n=======================================\n\n========== Benchmark Summary ==========\nMode: cpu\nStep: harvest\nParticles: 200000\nFrames: 10000\nOverall runtime: 74.0927 s\nAverage FPS: 134.9660\nAverage full frame runtime: 7.4092 ms/frame\nAverage system update runtime: 0.0002 ms/frame\nAverage CPU particle update runtime: 7.4088 ms/frame\nTotal CPU particle update runtime: 74.0880 s\nAverage render/swap/poll runtime: 0.0000 ms/frame\n=======================================\n",
cpu,cpu,True,harvest,200000,3,10000,0,74.35001582999985,74.2652,10000.0,10000.0,160.0,134.6525,7.4265,0.0002,7.4259,74.2594,0.0,./bin/rotea_sim --mode cpu --headless --particles 200000 --step harvest --steps 10000,"Particles: 200000 total (180000 fluid, 20000 cells)\nMode: cpu\nStep: harvest\nHeadless: true\nUpdate steps: 10000\n\n========== Headless Benchmark ==========\nMode: cpu\nStep: harvest\nParticles: 200000\nUpdate steps: 10000\nSimulated seconds: 160\n=======================================\n\n========== Benchmark Summary ==========\nMode: cpu\nStep: harvest\nParticles: 200000\nFrames: 10000\nOverall runtime: 74.2652 s\nAverage FPS: 134.6525\nAverage full frame runtime: 7.4265 ms/frame\nAverage system update runtime: 0.0002 ms/frame\nAverage CPU particle update runtime: 7.4259 ms/frame\nTotal CPU particle update runtime: 74.2594 s\nAverage render/swap/poll runtime: 0.0000 ms/frame\n=======================================\n",
cuda,cuda,True,harvest,200000,1,10000,0,21.400671798000076,19.0711,10000.0,10000.0,160.0,524.3535,1.907,0.0003,1.9065,19.0646,0.0,./bin/rotea_sim_cuda --mode cuda --headless --particles 200000 --step harvest --steps 10000,"Particles: 200000 total (180000 fluid, 20000 cells)\nMode: cuda\nStep: harvest\nHeadless: true\nUpdate steps: 10000\n\n========== Headless Benchmark ==========\nMode: cuda\nStep: harvest\nParticles: 200000\nUpdate steps: 10000\nSimulated seconds: 160\n=======================================\n\n========== Benchmark Summary ==========\nMode: cuda\nStep: harvest\nParticles: 200000\nFrames: 10000\nOverall runtime: 19.0711 s\nAverage FPS: 524.3535\nAverage full frame runtime: 1.9070 ms/frame\nAverage system update runtime: 0.0003 ms/frame\nAverage CUDA particle update runtime: 1.9065 ms/frame\nTotal CUDA particle update runtime: 19.0646 s\nAverage render/swap/poll runtime: 0.0000 ms/frame\n=======================================\n","[CUDA ENGINE] using persistent CUDA particle buffer\n[CUDA] Persistent particle buffer allocated: 200000 particles, 6.87 MB\n[CUDA] Persistent particle buffer released.\n"
cuda,cuda,True,harvest,200000,2,10000,0,19.57227305000015,18.9778,10000.0,10000.0,160.0,526.9327,1.8977,0.0002,1.8972,18.9715,0.0,./bin/rotea_sim_cuda --mode cuda --headless --particles 200000 --step harvest --steps 10000,"Particles: 200000 total (180000 fluid, 20000 cells)\nMode: cuda\nStep: harvest\nHeadless: true\nUpdate steps: 10000\n\n========== Headless Benchmark ==========\nMode: cuda\nStep: harvest\nParticles: 200000\nUpdate steps: 10000\nSimulated seconds: 160\n=======================================\n\n========== Benchmark Summary ==========\nMode: cuda\nStep: harvest\nParticles: 200000\nFrames: 10000\nOverall runtime: 18.9778 s\nAverage FPS: 526.9327\nAverage full frame runtime: 1.8977 ms/frame\nAverage system update runtime: 0.0002 ms/frame\nAverage CUDA particle update runtime: 1.8972 ms/frame\nTotal CUDA particle update runtime: 18.9715 s\nAverage render/swap/poll runtime: 0.0000 ms/frame\n=======================================\n","[CUDA ENGINE] using persistent CUDA particle buffer\n[CUDA] Persistent particle buffer allocated: 200000 particles, 6.87 MB\n[CUDA] Persistent particle buffer released.\n"
cuda,cuda,True,harvest,200000,3,10000,0,18.709860613000274,18.0201,10000.0,10000.0,160.0,554.9367,1.8019,0.0002,1.8014,18.0139,0.0,./bin/rotea_sim_cuda --mode cuda --headless --particles 200000 --step harvest --steps 10000,"Particles: 200000 total (180000 fluid, 20000 cells)\nMode: cuda\nStep: harvest\nHeadless: true\nUpdate steps: 10000\n\n========== Headless Benchmark ==========\nMode: cuda\nStep: harvest\nParticles: 200000\nUpdate steps: 10000\nSimulated seconds: 160\n=======================================\n\n========== Benchmark Summary ==========\nMode: cuda\nStep: harvest\nParticles: 200000\nFrames: 10000\nOverall runtime: 18.0201 s\nAverage FPS: 554.9367\nAverage full frame runtime: 1.8019 ms/frame\nAverage system update runtime: 0.0002 ms/frame\nAverage CUDA particle update runtime: 1.8014 ms/frame\nTotal CUDA particle update runtime: 18.0139 s\nAverage render/swap/poll runtime: 0.0000 ms/frame\n=======================================\n","[CUDA ENGINE] using persistent CUDA particle buffer\n[CUDA] Persistent particle buffer allocated: 200000 particles, 6.87 MB\n[CUDA] Persistent particle buffer released.\n"
