backend,mode,step,particles,trial,duration_requested_s,return_code,wall_runtime_s,reported_overall_runtime_s,reported_frames,average_fps,avg_full_frame_ms,avg_system_update_ms,avg_particle_update_ms,total_particle_update_s,avg_render_ms,command,stdout_tail,stderr_tail
cpu,cpu,load,1000,1,30,0,7.4855051280001135,7.2926,1875.0,257.1107,3.8889,0.0009,0.0648,0.1215,3.8087,./bin/rotea_sim --mode cpu --step load --particles 1000 --duration 30,"Particles: 1000 total (900 fluid, 100 cells)\nMode: cpu\nStep: load\nDuration: 30 seconds\nRequested duration reached: 30 seconds. Exiting.\n\n========== Benchmark Summary ==========\nMode: cpu\nStep: load\nParticles: 1000\nFrames: 1875\nOverall runtime: 7.2926 s\nAverage FPS: 257.1107\nAverage full frame runtime: 3.8889 ms/frame\nAverage system update runtime: 0.0009 ms/frame\nAverage CPU particle update runtime: 0.0648 ms/frame\nTotal CPU particle update runtime: 0.1215 s\nAverage render/swap/poll runtime: 3.8087 ms/frame\n=======================================\n",
cpu,cpu,load,1000,2,30,0,6.608147727999949,6.3322,1875.0,296.1064,3.3768,0.0006,0.0553,0.1038,3.3086,./bin/rotea_sim --mode cpu --step load --particles 1000 --duration 30,"Particles: 1000 total (900 fluid, 100 cells)\nMode: cpu\nStep: load\nDuration: 30 seconds\nRequested duration reached: 30 seconds. Exiting.\n\n========== Benchmark Summary ==========\nMode: cpu\nStep: load\nParticles: 1000\nFrames: 1875\nOverall runtime: 6.3322 s\nAverage FPS: 296.1064\nAverage full frame runtime: 3.3768 ms/frame\nAverage system update runtime: 0.0006 ms/frame\nAverage CPU particle update runtime: 0.0553 ms/frame\nTotal CPU particle update runtime: 0.1038 s\nAverage render/swap/poll runtime: 3.3086 ms/frame\n=======================================\n",
cpu,cpu,load,1000,3,30,0,7.298880560000271,7.0603,1875.0,265.5707,3.765,0.0009,0.0641,0.1203,3.6858,./bin/rotea_sim --mode cpu --step load --particles 1000 --duration 30,"Particles: 1000 total (900 fluid, 100 cells)\nMode: cpu\nStep: load\nDuration: 30 seconds\nRequested duration reached: 30 seconds. Exiting.\n\n========== Benchmark Summary ==========\nMode: cpu\nStep: load\nParticles: 1000\nFrames: 1875\nOverall runtime: 7.0603 s\nAverage FPS: 265.5707\nAverage full frame runtime: 3.7650 ms/frame\nAverage system update runtime: 0.0009 ms/frame\nAverage CPU particle update runtime: 0.0641 ms/frame\nTotal CPU particle update runtime: 0.1203 s\nAverage render/swap/poll runtime: 3.6858 ms/frame\n=======================================\n",
cuda,cuda,load,1000,1,30,0,6.8925017749998005,5.0544,1875.0,370.9671,2.6954,0.0005,0.2096,0.393,2.4745,./bin/rotea_sim_cuda --mode cuda --step load --particles 1000 --duration 30,"Particles: 1000 total (900 fluid, 100 cells)\nMode: cuda\nStep: load\nDuration: 30 seconds\nRequested duration reached: 30 seconds. Exiting.\n\n========== Benchmark Summary ==========\nMode: cuda\nStep: load\nParticles: 1000\nFrames: 1875\nOverall runtime: 5.0544 s\nAverage FPS: 370.9671\nAverage full frame runtime: 2.6954 ms/frame\nAverage system update runtime: 0.0005 ms/frame\nAverage CUDA particle update runtime: 0.2096 ms/frame\nTotal CUDA particle update runtime: 0.3930 s\nAverage render/swap/poll runtime: 2.4745 ms/frame\n=======================================\n","[CUDA ENGINE] using persistent CUDA particle buffer\n[CUDA] Persistent particle buffer allocated: 1000 particles, 0.03 MB\n[CUDA] Persistent particle buffer released.\n"
cuda,cuda,load,1000,2,30,0,6.9797851929997705,5.1103,1875.0,366.905,2.7252,0.0005,0.2188,0.4102,2.4954,./bin/rotea_sim_cuda --mode cuda --step load --particles 1000 --duration 30,"Particles: 1000 total (900 fluid, 100 cells)\nMode: cuda\nStep: load\nDuration: 30 seconds\nRequested duration reached: 30 seconds. Exiting.\n\n========== Benchmark Summary ==========\nMode: cuda\nStep: load\nParticles: 1000\nFrames: 1875\nOverall runtime: 5.1103 s\nAverage FPS: 366.9050\nAverage full frame runtime: 2.7252 ms/frame\nAverage system update runtime: 0.0005 ms/frame\nAverage CUDA particle update runtime: 0.2188 ms/frame\nTotal CUDA particle update runtime: 0.4102 s\nAverage render/swap/poll runtime: 2.4954 ms/frame\n=======================================\n","[CUDA ENGINE] using persistent CUDA particle buffer\n[CUDA] Persistent particle buffer allocated: 1000 particles, 0.03 MB\n[CUDA] Persistent particle buffer released.\n"
cuda,cuda,load,1000,3,30,0,6.864082503999725,5.0036,1875.0,374.7324,2.6683,0.0006,0.2121,0.3977,2.4452,./bin/rotea_sim_cuda --mode cuda --step load --particles 1000 --duration 30,"Particles: 1000 total (900 fluid, 100 cells)\nMode: cuda\nStep: load\nDuration: 30 seconds\nRequested duration reached: 30 seconds. Exiting.\n\n========== Benchmark Summary ==========\nMode: cuda\nStep: load\nParticles: 1000\nFrames: 1875\nOverall runtime: 5.0036 s\nAverage FPS: 374.7324\nAverage full frame runtime: 2.6683 ms/frame\nAverage system update runtime: 0.0006 ms/frame\nAverage CUDA particle update runtime: 0.2121 ms/frame\nTotal CUDA particle update runtime: 0.3977 s\nAverage render/swap/poll runtime: 2.4452 ms/frame\n=======================================\n","[CUDA ENGINE] using persistent CUDA particle buffer\n[CUDA] Persistent particle buffer allocated: 1000 particles, 0.03 MB\n[CUDA] Persistent particle buffer released.\n"
cpu,cpu,concentrate,1000,1,30,0,6.588345062999906,6.3696,1875.0,294.3677,3.3967,0.0007,0.0565,0.1059,3.3271,./bin/rotea_sim --mode cpu --step concentrate --particles 1000 --duration 30,"Particles: 1000 total (900 fluid, 100 cells)\nMode: cpu\nStep: concentrate\nDuration: 30 seconds\nRequested duration reached: 30 seconds. Exiting.\n\n========== Benchmark Summary ==========\nMode: cpu\nStep: concentrate\nParticles: 1000\nFrames: 1875\nOverall runtime: 6.3696 s\nAverage FPS: 294.3677\nAverage full frame runtime: 3.3967 ms/frame\nAverage system update runtime: 0.0007 ms/frame\nAverage CPU particle update runtime: 0.0565 ms/frame\nTotal CPU particle update runtime: 0.1059 s\nAverage render/swap/poll runtime: 3.3271 ms/frame\n=======================================\n",
cpu,cpu,concentrate,1000,2,30,0,6.599323077000008,6.3806,1875.0,293.861,3.4026,0.0007,0.0568,0.1066,3.3325,./bin/rotea_sim --mode cpu --step concentrate --particles 1000 --duration 30,"Particles: 1000 total (900 fluid, 100 cells)\nMode: cpu\nStep: concentrate\nDuration: 30 seconds\nRequested duration reached: 30 seconds. Exiting.\n\n========== Benchmark Summary ==========\nMode: cpu\nStep: concentrate\nParticles: 1000\nFrames: 1875\nOverall runtime: 6.3806 s\nAverage FPS: 293.8610\nAverage full frame runtime: 3.4026 ms/frame\nAverage system update runtime: 0.0007 ms/frame\nAverage CPU particle update runtime: 0.0568 ms/frame\nTotal CPU particle update runtime: 0.1066 s\nAverage render/swap/poll runtime: 3.3325 ms/frame\n=======================================\n",
cpu,cpu,concentrate,1000,3,30,0,6.704879935000008,6.4647,1875.0,290.0358,3.4475,0.0008,0.0579,0.1086,3.376,./bin/rotea_sim --mode cpu --step concentrate --particles 1000 --duration 30,"Particles: 1000 total (900 fluid, 100 cells)\nMode: cpu\nStep: concentrate\nDuration: 30 seconds\nRequested duration reached: 30 seconds. Exiting.\n\n========== Benchmark Summary ==========\nMode: cpu\nStep: concentrate\nParticles: 1000\nFrames: 1875\nOverall runtime: 6.4647 s\nAverage FPS: 290.0358\nAverage full frame runtime: 3.4475 ms/frame\nAverage system update runtime: 0.0008 ms/frame\nAverage CPU particle update runtime: 0.0579 ms/frame\nTotal CPU particle update runtime: 0.1086 s\nAverage render/swap/poll runtime: 3.3760 ms/frame\n=======================================\n",
cuda,cuda,concentrate,1000,1,30,0,8.125799204000032,5.1308,1875.0,365.441,2.7361,0.0006,0.221,0.4144,2.5036,./bin/rotea_sim_cuda --mode cuda --step concentrate --particles 1000 --duration 30,"Particles: 1000 total (900 fluid, 100 cells)\nMode: cuda\nStep: concentrate\nDuration: 30 seconds\nRequested duration reached: 30 seconds. Exiting.\n\n========== Benchmark Summary ==========\nMode: cuda\nStep: concentrate\nParticles: 1000\nFrames: 1875\nOverall runtime: 5.1308 s\nAverage FPS: 365.4410\nAverage full frame runtime: 2.7361 ms/frame\nAverage system update runtime: 0.0006 ms/frame\nAverage CUDA particle update runtime: 0.2210 ms/frame\nTotal CUDA particle update runtime: 0.4144 s\nAverage render/swap/poll runtime: 2.5036 ms/frame\n=======================================\n","[CUDA ENGINE] using persistent CUDA particle buffer\n[CUDA] Persistent particle buffer allocated: 1000 particles, 0.03 MB\n[CUDA] Persistent particle buffer released.\n"
cuda,cuda,concentrate,1000,2,30,0,7.1233113079997565,5.2583,1875.0,356.579,2.8042,0.0007,0.2202,0.4129,2.5721,./bin/rotea_sim_cuda --mode cuda --step concentrate --particles 1000 --duration 30,"Particles: 1000 total (900 fluid, 100 cells)\nMode: cuda\nStep: concentrate\nDuration: 30 seconds\nRequested duration reached: 30 seconds. Exiting.\n\n========== Benchmark Summary ==========\nMode: cuda\nStep: concentrate\nParticles: 1000\nFrames: 1875\nOverall runtime: 5.2583 s\nAverage FPS: 356.5790\nAverage full frame runtime: 2.8042 ms/frame\nAverage system update runtime: 0.0007 ms/frame\nAverage CUDA particle update runtime: 0.2202 ms/frame\nTotal CUDA particle update runtime: 0.4129 s\nAverage render/swap/poll runtime: 2.5721 ms/frame\n=======================================\n","[CUDA ENGINE] using persistent CUDA particle buffer\n[CUDA] Persistent particle buffer allocated: 1000 particles, 0.03 MB\n[CUDA] Persistent particle buffer released.\n"
cuda,cuda,concentrate,1000,3,30,0,6.41808514000013,5.0846,1875.0,368.7599,2.7115,0.0005,0.2171,0.407,2.483,./bin/rotea_sim_cuda --mode cuda --step concentrate --particles 1000 --duration 30,"Particles: 1000 total (900 fluid, 100 cells)\nMode: cuda\nStep: concentrate\nDuration: 30 seconds\nRequested duration reached: 30 seconds. Exiting.\n\n========== Benchmark Summary ==========\nMode: cuda\nStep: concentrate\nParticles: 1000\nFrames: 1875\nOverall runtime: 5.0846 s\nAverage FPS: 368.7599\nAverage full frame runtime: 2.7115 ms/frame\nAverage system update runtime: 0.0005 ms/frame\nAverage CUDA particle update runtime: 0.2171 ms/frame\nTotal CUDA particle update runtime: 0.4070 s\nAverage render/swap/poll runtime: 2.4830 ms/frame\n=======================================\n","[CUDA ENGINE] using persistent CUDA particle buffer\n[CUDA] Persistent particle buffer allocated: 1000 particles, 0.03 MB\n[CUDA] Persistent particle buffer released.\n"
cpu,cpu,wash,1000,1,30,0,5.612449276000007,5.4258,1875.0,345.5687,2.8935,0.0005,0.0474,0.0889,2.8351,./bin/rotea_sim --mode cpu --step wash --particles 1000 --duration 30,"Particles: 1000 total (900 fluid, 100 cells)\nMode: cpu\nStep: wash\nDuration: 30 seconds\nRequested duration reached: 30 seconds. Exiting.\n\n========== Benchmark Summary ==========\nMode: cpu\nStep: wash\nParticles: 1000\nFrames: 1875\nOverall runtime: 5.4258 s\nAverage FPS: 345.5687\nAverage full frame runtime: 2.8935 ms/frame\nAverage system update runtime: 0.0005 ms/frame\nAverage CPU particle update runtime: 0.0474 ms/frame\nTotal CPU particle update runtime: 0.0889 s\nAverage render/swap/poll runtime: 2.8351 ms/frame\n=======================================\n",
cpu,cpu,wash,1000,2,30,0,6.3152889400003005,6.0897,1875.0,307.8948,3.2476,0.0006,0.0542,0.1017,3.181,./bin/rotea_sim --mode cpu --step wash --particles 1000 --duration 30,"Particles: 1000 total (900 fluid, 100 cells)\nMode: cpu\nStep: wash\nDuration: 30 seconds\nRequested duration reached: 30 seconds. Exiting.\n\n========== Benchmark Summary ==========\nMode: cpu\nStep: wash\nParticles: 1000\nFrames: 1875\nOverall runtime: 6.0897 s\nAverage FPS: 307.8948\nAverage full frame runtime: 3.2476 ms/frame\nAverage system update runtime: 0.0006 ms/frame\nAverage CPU particle update runtime: 0.0542 ms/frame\nTotal CPU particle update runtime: 0.1017 s\nAverage render/swap/poll runtime: 3.1810 ms/frame\n=======================================\n",
cpu,cpu,wash,1000,3,30,0,6.691729010000017,6.4424,1875.0,291.0424,3.4355,0.0008,0.0574,0.1076,3.3647,./bin/rotea_sim --mode cpu --step wash --particles 1000 --duration 30,"Particles: 1000 total (900 fluid, 100 cells)\nMode: cpu\nStep: wash\nDuration: 30 seconds\nRequested duration reached: 30 seconds. Exiting.\n\n========== Benchmark Summary ==========\nMode: cpu\nStep: wash\nParticles: 1000\nFrames: 1875\nOverall runtime: 6.4424 s\nAverage FPS: 291.0424\nAverage full frame runtime: 3.4355 ms/frame\nAverage system update runtime: 0.0008 ms/frame\nAverage CPU particle update runtime: 0.0574 ms/frame\nTotal CPU particle update runtime: 0.1076 s\nAverage render/swap/poll runtime: 3.3647 ms/frame\n=======================================\n",
cuda,cuda,wash,1000,1,30,0,7.942742070999884,4.8861,1875.0,383.7413,2.6056,0.0005,0.2067,0.3876,2.388,./bin/rotea_sim_cuda --mode cuda --step wash --particles 1000 --duration 30,"Particles: 1000 total (900 fluid, 100 cells)\nMode: cuda\nStep: wash\nDuration: 30 seconds\nRequested duration reached: 30 seconds. Exiting.\n\n========== Benchmark Summary ==========\nMode: cuda\nStep: wash\nParticles: 1000\nFrames: 1875\nOverall runtime: 4.8861 s\nAverage FPS: 383.7413\nAverage full frame runtime: 2.6056 ms/frame\nAverage system update runtime: 0.0005 ms/frame\nAverage CUDA particle update runtime: 0.2067 ms/frame\nTotal CUDA particle update runtime: 0.3876 s\nAverage render/swap/poll runtime: 2.3880 ms/frame\n=======================================\n","[CUDA ENGINE] using persistent CUDA particle buffer\n[CUDA] Persistent particle buffer allocated: 1000 particles, 0.03 MB\n[CUDA] Persistent particle buffer released.\n"
cuda,cuda,wash,1000,2,30,0,6.895848028000273,5.0385,1875.0,372.1312,2.6869,0.0006,0.2147,0.4026,2.4607,./bin/rotea_sim_cuda --mode cuda --step wash --particles 1000 --duration 30,"Particles: 1000 total (900 fluid, 100 cells)\nMode: cuda\nStep: wash\nDuration: 30 seconds\nRequested duration reached: 30 seconds. Exiting.\n\n========== Benchmark Summary ==========\nMode: cuda\nStep: wash\nParticles: 1000\nFrames: 1875\nOverall runtime: 5.0385 s\nAverage FPS: 372.1312\nAverage full frame runtime: 2.6869 ms/frame\nAverage system update runtime: 0.0006 ms/frame\nAverage CUDA particle update runtime: 0.2147 ms/frame\nTotal CUDA particle update runtime: 0.4026 s\nAverage render/swap/poll runtime: 2.4607 ms/frame\n=======================================\n","[CUDA ENGINE] using persistent CUDA particle buffer\n[CUDA] Persistent particle buffer allocated: 1000 particles, 0.03 MB\n[CUDA] Persistent particle buffer released.\n"
cuda,cuda,wash,1000,3,30,0,6.934062978999918,5.0623,1875.0,370.3825,2.6996,0.0006,0.2207,0.4138,2.4674,./bin/rotea_sim_cuda --mode cuda --step wash --particles 1000 --duration 30,"Particles: 1000 total (900 fluid, 100 cells)\nMode: cuda\nStep: wash\nDuration: 30 seconds\nRequested duration reached: 30 seconds. Exiting.\n\n========== Benchmark Summary ==========\nMode: cuda\nStep: wash\nParticles: 1000\nFrames: 1875\nOverall runtime: 5.0623 s\nAverage FPS: 370.3825\nAverage full frame runtime: 2.6996 ms/frame\nAverage system update runtime: 0.0006 ms/frame\nAverage CUDA particle update runtime: 0.2207 ms/frame\nTotal CUDA particle update runtime: 0.4138 s\nAverage render/swap/poll runtime: 2.4674 ms/frame\n=======================================\n","[CUDA ENGINE] using persistent CUDA particle buffer\n[CUDA] Persistent particle buffer allocated: 1000 particles, 0.03 MB\n[CUDA] Persistent particle buffer released.\n"
cpu,cpu,harvest,1000,1,30,0,7.227124296000056,7.0308,1875.0,266.6838,3.7494,0.0006,0.0634,0.1189,3.6719,./bin/rotea_sim --mode cpu --step harvest --particles 1000 --duration 30,"Particles: 1000 total (900 fluid, 100 cells)\nMode: cpu\nStep: harvest\nDuration: 30 seconds\nRequested duration reached: 30 seconds. Exiting.\n\n========== Benchmark Summary ==========\nMode: cpu\nStep: harvest\nParticles: 1000\nFrames: 1875\nOverall runtime: 7.0308 s\nAverage FPS: 266.6838\nAverage full frame runtime: 3.7494 ms/frame\nAverage system update runtime: 0.0006 ms/frame\nAverage CPU particle update runtime: 0.0634 ms/frame\nTotal CPU particle update runtime: 0.1189 s\nAverage render/swap/poll runtime: 3.6719 ms/frame\n=======================================\n",
cpu,cpu,harvest,1000,2,30,0,7.079024866999589,6.8668,1875.0,273.0548,3.6618,0.0006,0.0615,0.1154,3.5861,./bin/rotea_sim --mode cpu --step harvest --particles 1000 --duration 30,"Particles: 1000 total (900 fluid, 100 cells)\nMode: cpu\nStep: harvest\nDuration: 30 seconds\nRequested duration reached: 30 seconds. Exiting.\n\n========== Benchmark Summary ==========\nMode: cpu\nStep: harvest\nParticles: 1000\nFrames: 1875\nOverall runtime: 6.8668 s\nAverage FPS: 273.0548\nAverage full frame runtime: 3.6618 ms/frame\nAverage system update runtime: 0.0006 ms/frame\nAverage CPU particle update runtime: 0.0615 ms/frame\nTotal CPU particle update runtime: 0.1154 s\nAverage render/swap/poll runtime: 3.5861 ms/frame\n=======================================\n",
cpu,cpu,harvest,1000,3,30,0,7.081344643000193,6.8792,1875.0,272.5599,3.6685,0.0006,0.0618,0.1159,3.5927,./bin/rotea_sim --mode cpu --step harvest --particles 1000 --duration 30,"Particles: 1000 total (900 fluid, 100 cells)\nMode: cpu\nStep: harvest\nDuration: 30 seconds\nRequested duration reached: 30 seconds. Exiting.\n\n========== Benchmark Summary ==========\nMode: cpu\nStep: harvest\nParticles: 1000\nFrames: 1875\nOverall runtime: 6.8792 s\nAverage FPS: 272.5599\nAverage full frame runtime: 3.6685 ms/frame\nAverage system update runtime: 0.0006 ms/frame\nAverage CPU particle update runtime: 0.0618 ms/frame\nTotal CPU particle update runtime: 0.1159 s\nAverage render/swap/poll runtime: 3.5927 ms/frame\n=======================================\n",
cuda,cuda,harvest,1000,1,30,0,6.913867257999755,5.1363,1875.0,365.0479,2.7391,0.0005,0.2236,0.4192,2.5021,./bin/rotea_sim_cuda --mode cuda --step harvest --particles 1000 --duration 30,"Particles: 1000 total (900 fluid, 100 cells)\nMode: cuda\nStep: harvest\nDuration: 30 seconds\nRequested duration reached: 30 seconds. Exiting.\n\n========== Benchmark Summary ==========\nMode: cuda\nStep: harvest\nParticles: 1000\nFrames: 1875\nOverall runtime: 5.1363 s\nAverage FPS: 365.0479\nAverage full frame runtime: 2.7391 ms/frame\nAverage system update runtime: 0.0005 ms/frame\nAverage CUDA particle update runtime: 0.2236 ms/frame\nTotal CUDA particle update runtime: 0.4192 s\nAverage render/swap/poll runtime: 2.5021 ms/frame\n=======================================\n","[CUDA ENGINE] using persistent CUDA particle buffer\n[CUDA] Persistent particle buffer allocated: 1000 particles, 0.03 MB\n[CUDA] Persistent particle buffer released.\n"
cuda,cuda,harvest,1000,2,30,0,6.376200381999752,5.0057,1875.0,374.5694,2.6694,0.0004,0.2135,0.4003,2.4426,./bin/rotea_sim_cuda --mode cuda --step harvest --particles 1000 --duration 30,"Particles: 1000 total (900 fluid, 100 cells)\nMode: cuda\nStep: harvest\nDuration: 30 seconds\nRequested duration reached: 30 seconds. Exiting.\n\n========== Benchmark Summary ==========\nMode: cuda\nStep: harvest\nParticles: 1000\nFrames: 1875\nOverall runtime: 5.0057 s\nAverage FPS: 374.5694\nAverage full frame runtime: 2.6694 ms/frame\nAverage system update runtime: 0.0004 ms/frame\nAverage CUDA particle update runtime: 0.2135 ms/frame\nTotal CUDA particle update runtime: 0.4003 s\nAverage render/swap/poll runtime: 2.4426 ms/frame\n=======================================\n","[CUDA ENGINE] using persistent CUDA particle buffer\n[CUDA] Persistent particle buffer allocated: 1000 particles, 0.03 MB\n[CUDA] Persistent particle buffer released.\n"
cuda,cuda,harvest,1000,3,30,0,7.057684882000103,5.1015,1875.0,367.5382,2.7206,0.0005,0.222,0.4162,2.4852,./bin/rotea_sim_cuda --mode cuda --step harvest --particles 1000 --duration 30,"Particles: 1000 total (900 fluid, 100 cells)\nMode: cuda\nStep: harvest\nDuration: 30 seconds\nRequested duration reached: 30 seconds. Exiting.\n\n========== Benchmark Summary ==========\nMode: cuda\nStep: harvest\nParticles: 1000\nFrames: 1875\nOverall runtime: 5.1015 s\nAverage FPS: 367.5382\nAverage full frame runtime: 2.7206 ms/frame\nAverage system update runtime: 0.0005 ms/frame\nAverage CUDA particle update runtime: 0.2220 ms/frame\nTotal CUDA particle update runtime: 0.4162 s\nAverage render/swap/poll runtime: 2.4852 ms/frame\n=======================================\n","[CUDA ENGINE] using persistent CUDA particle buffer\n[CUDA] Persistent particle buffer allocated: 1000 particles, 0.03 MB\n[CUDA] Persistent particle buffer released.\n"
cpu,cpu,load,2000,1,30,0,7.344204910999906,7.091,1875.0,264.4205,3.7814,0.0007,0.12,0.2251,3.6352,./bin/rotea_sim --mode cpu --step load --particles 2000 --duration 30,"Particles: 2000 total (1800 fluid, 200 cells)\nMode: cpu\nStep: load\nDuration: 30 seconds\nRequested duration reached: 30 seconds. Exiting.\n\n========== Benchmark Summary ==========\nMode: cpu\nStep: load\nParticles: 2000\nFrames: 1875\nOverall runtime: 7.0910 s\nAverage FPS: 264.4205\nAverage full frame runtime: 3.7814 ms/frame\nAverage system update runtime: 0.0007 ms/frame\nAverage CPU particle update runtime: 0.1200 ms/frame\nTotal CPU particle update runtime: 0.2251 s\nAverage render/swap/poll runtime: 3.6352 ms/frame\n=======================================\n",
cpu,cpu,load,2000,2,30,0,6.607690618999641,6.3606,1875.0,294.7825,3.392,0.0005,0.1061,0.1989,3.2627,./bin/rotea_sim --mode cpu --step load --particles 2000 --duration 30,"Particles: 2000 total (1800 fluid, 200 cells)\nMode: cpu\nStep: load\nDuration: 30 seconds\nRequested duration reached: 30 seconds. Exiting.\n\n========== Benchmark Summary ==========\nMode: cpu\nStep: load\nParticles: 2000\nFrames: 1875\nOverall runtime: 6.3606 s\nAverage FPS: 294.7825\nAverage full frame runtime: 3.3920 ms/frame\nAverage system update runtime: 0.0005 ms/frame\nAverage CPU particle update runtime: 0.1061 ms/frame\nTotal CPU particle update runtime: 0.1989 s\nAverage render/swap/poll runtime: 3.2627 ms/frame\n=======================================\n",
cpu,cpu,load,2000,3,30,0,6.8189578830001665,6.6009,1875.0,284.0529,3.5202,0.0006,0.1114,0.2089,3.3843,./bin/rotea_sim --mode cpu --step load --particles 2000 --duration 30,"Particles: 2000 total (1800 fluid, 200 cells)\nMode: cpu\nStep: load\nDuration: 30 seconds\nRequested duration reached: 30 seconds. Exiting.\n\n========== Benchmark Summary ==========\nMode: cpu\nStep: load\nParticles: 2000\nFrames: 1875\nOverall runtime: 6.6009 s\nAverage FPS: 284.0529\nAverage full frame runtime: 3.5202 ms/frame\nAverage system update runtime: 0.0006 ms/frame\nAverage CPU particle update runtime: 0.1114 ms/frame\nTotal CPU particle update runtime: 0.2089 s\nAverage render/swap/poll runtime: 3.3843 ms/frame\n=======================================\n",
cuda,cuda,load,2000,1,30,0,8.419904338999913,5.3554,1875.0,350.112,2.8559,0.0005,0.277,0.5194,2.5575,./bin/rotea_sim_cuda --mode cuda --step load --particles 2000 --duration 30,"Particles: 2000 total (1800 fluid, 200 cells)\nMode: cuda\nStep: load\nDuration: 30 seconds\nRequested duration reached: 30 seconds. Exiting.\n\n========== Benchmark Summary ==========\nMode: cuda\nStep: load\nParticles: 2000\nFrames: 1875\nOverall runtime: 5.3554 s\nAverage FPS: 350.1120\nAverage full frame runtime: 2.8559 ms/frame\nAverage system update runtime: 0.0005 ms/frame\nAverage CUDA particle update runtime: 0.2770 ms/frame\nTotal CUDA particle update runtime: 0.5194 s\nAverage render/swap/poll runtime: 2.5575 ms/frame\n=======================================\n","[CUDA ENGINE] using persistent CUDA particle buffer\n[CUDA] Persistent particle buffer allocated: 2000 particles, 0.07 MB\n[CUDA] Persistent particle buffer released.\n"
cuda,cuda,load,2000,2,30,0,7.316556799999944,5.4252,1875.0,345.6082,2.8932,0.0006,0.2814,0.5277,2.5901,./bin/rotea_sim_cuda --mode cuda --step load --particles 2000 --duration 30,"Particles: 2000 total (1800 fluid, 200 cells)\nMode: cuda\nStep: load\nDuration: 30 seconds\nRequested duration reached: 30 seconds. Exiting.\n\n========== Benchmark Summary ==========\nMode: cuda\nStep: load\nParticles: 2000\nFrames: 1875\nOverall runtime: 5.4252 s\nAverage FPS: 345.6082\nAverage full frame runtime: 2.8932 ms/frame\nAverage system update runtime: 0.0006 ms/frame\nAverage CUDA particle update runtime: 0.2814 ms/frame\nTotal CUDA particle update runtime: 0.5277 s\nAverage render/swap/poll runtime: 2.5901 ms/frame\n=======================================\n","[CUDA ENGINE] using persistent CUDA particle buffer\n[CUDA] Persistent particle buffer allocated: 2000 particles, 0.07 MB\n[CUDA] Persistent particle buffer released.\n"
cuda,cuda,load,2000,3,30,0,6.578380070000094,5.2316,1875.0,358.3993,2.7899,0.0006,0.2649,0.4968,2.5038,./bin/rotea_sim_cuda --mode cuda --step load --particles 2000 --duration 30,"Particles: 2000 total (1800 fluid, 200 cells)\nMode: cuda\nStep: load\nDuration: 30 seconds\nRequested duration reached: 30 seconds. Exiting.\n\n========== Benchmark Summary ==========\nMode: cuda\nStep: load\nParticles: 2000\nFrames: 1875\nOverall runtime: 5.2316 s\nAverage FPS: 358.3993\nAverage full frame runtime: 2.7899 ms/frame\nAverage system update runtime: 0.0006 ms/frame\nAverage CUDA particle update runtime: 0.2649 ms/frame\nTotal CUDA particle update runtime: 0.4968 s\nAverage render/swap/poll runtime: 2.5038 ms/frame\n=======================================\n","[CUDA ENGINE] using persistent CUDA particle buffer\n[CUDA] Persistent particle buffer allocated: 2000 particles, 0.07 MB\n[CUDA] Persistent particle buffer released.\n"
cpu,cpu,concentrate,2000,1,30,0,7.118815879000067,6.8911,1875.0,272.0891,3.6749,0.0007,0.1172,0.2197,3.5321,./bin/rotea_sim --mode cpu --step concentrate --particles 2000 --duration 30,"Particles: 2000 total (1800 fluid, 200 cells)\nMode: cpu\nStep: concentrate\nDuration: 30 seconds\nRequested duration reached: 30 seconds. Exiting.\n\n========== Benchmark Summary ==========\nMode: cpu\nStep: concentrate\nParticles: 2000\nFrames: 1875\nOverall runtime: 6.8911 s\nAverage FPS: 272.0891\nAverage full frame runtime: 3.6749 ms/frame\nAverage system update runtime: 0.0007 ms/frame\nAverage CPU particle update runtime: 0.1172 ms/frame\nTotal CPU particle update runtime: 0.2197 s\nAverage render/swap/poll runtime: 3.5321 ms/frame\n=======================================\n",
cpu,cpu,concentrate,2000,2,30,0,6.396128503,6.1404,1875.0,305.3547,3.2746,0.0006,0.1017,0.1906,3.1505,./bin/rotea_sim --mode cpu --step concentrate --particles 2000 --duration 30,"Particles: 2000 total (1800 fluid, 200 cells)\nMode: cpu\nStep: concentrate\nDuration: 30 seconds\nRequested duration reached: 30 seconds. Exiting.\n\n========== Benchmark Summary ==========\nMode: cpu\nStep: concentrate\nParticles: 2000\nFrames: 1875\nOverall runtime: 6.1404 s\nAverage FPS: 305.3547\nAverage full frame runtime: 3.2746 ms/frame\nAverage system update runtime: 0.0006 ms/frame\nAverage CPU particle update runtime: 0.1017 ms/frame\nTotal CPU particle update runtime: 0.1906 s\nAverage render/swap/poll runtime: 3.1505 ms/frame\n=======================================\n",
cpu,cpu,concentrate,2000,3,30,0,6.386325956000292,6.1564,1875.0,304.5616,3.2831,0.0007,0.103,0.1931,3.1572,./bin/rotea_sim --mode cpu --step concentrate --particles 2000 --duration 30,"Particles: 2000 total (1800 fluid, 200 cells)\nMode: cpu\nStep: concentrate\nDuration: 30 seconds\nRequested duration reached: 30 seconds. Exiting.\n\n========== Benchmark Summary ==========\nMode: cpu\nStep: concentrate\nParticles: 2000\nFrames: 1875\nOverall runtime: 6.1564 s\nAverage FPS: 304.5616\nAverage full frame runtime: 3.2831 ms/frame\nAverage system update runtime: 0.0007 ms/frame\nAverage CPU particle update runtime: 0.1030 ms/frame\nTotal CPU particle update runtime: 0.1931 s\nAverage render/swap/poll runtime: 3.1572 ms/frame\n=======================================\n",
cuda,cuda,concentrate,2000,1,30,0,8.257962346999648,5.2422,1875.0,357.6716,2.7956,0.0007,0.2715,0.5091,2.5028,./bin/rotea_sim_cuda --mode cuda --step concentrate --particles 2000 --duration 30,"Particles: 2000 total (1800 fluid, 200 cells)\nMode: cuda\nStep: concentrate\nDuration: 30 seconds\nRequested duration reached: 30 seconds. Exiting.\n\n========== Benchmark Summary ==========\nMode: cuda\nStep: concentrate\nParticles: 2000\nFrames: 1875\nOverall runtime: 5.2422 s\nAverage FPS: 357.6716\nAverage full frame runtime: 2.7956 ms/frame\nAverage system update runtime: 0.0007 ms/frame\nAverage CUDA particle update runtime: 0.2715 ms/frame\nTotal CUDA particle update runtime: 0.5091 s\nAverage render/swap/poll runtime: 2.5028 ms/frame\n=======================================\n","[CUDA ENGINE] using persistent CUDA particle buffer\n[CUDA] Persistent particle buffer allocated: 2000 particles, 0.07 MB\n[CUDA] Persistent particle buffer released.\n"
cuda,cuda,concentrate,2000,2,30,0,7.226873220000016,5.3195,1875.0,352.4796,2.8368,0.0006,0.2733,0.5124,2.5419,./bin/rotea_sim_cuda --mode cuda --step concentrate --particles 2000 --duration 30,"Particles: 2000 total (1800 fluid, 200 cells)\nMode: cuda\nStep: concentrate\nDuration: 30 seconds\nRequested duration reached: 30 seconds. Exiting.\n\n========== Benchmark Summary ==========\nMode: cuda\nStep: concentrate\nParticles: 2000\nFrames: 1875\nOverall runtime: 5.3195 s\nAverage FPS: 352.4796\nAverage full frame runtime: 2.8368 ms/frame\nAverage system update runtime: 0.0006 ms/frame\nAverage CUDA particle update runtime: 0.2733 ms/frame\nTotal CUDA particle update runtime: 0.5124 s\nAverage render/swap/poll runtime: 2.5419 ms/frame\n=======================================\n","[CUDA ENGINE] using persistent CUDA particle buffer\n[CUDA] Persistent particle buffer allocated: 2000 particles, 0.07 MB\n[CUDA] Persistent particle buffer released.\n"
cuda,cuda,concentrate,2000,3,30,0,7.213463196999783,5.3355,1875.0,351.4173,2.8454,0.0005,0.2791,0.5234,2.5448,./bin/rotea_sim_cuda --mode cuda --step concentrate --particles 2000 --duration 30,"Particles: 2000 total (1800 fluid, 200 cells)\nMode: cuda\nStep: concentrate\nDuration: 30 seconds\nRequested duration reached: 30 seconds. Exiting.\n\n========== Benchmark Summary ==========\nMode: cuda\nStep: concentrate\nParticles: 2000\nFrames: 1875\nOverall runtime: 5.3355 s\nAverage FPS: 351.4173\nAverage full frame runtime: 2.8454 ms/frame\nAverage system update runtime: 0.0005 ms/frame\nAverage CUDA particle update runtime: 0.2791 ms/frame\nTotal CUDA particle update runtime: 0.5234 s\nAverage render/swap/poll runtime: 2.5448 ms/frame\n=======================================\n","[CUDA ENGINE] using persistent CUDA particle buffer\n[CUDA] Persistent particle buffer allocated: 2000 particles, 0.07 MB\n[CUDA] Persistent particle buffer released.\n"
cpu,cpu,wash,2000,1,30,0,6.876076374999684,6.6508,1875.0,281.9228,3.5467,0.0007,0.1099,0.2061,3.4126,./bin/rotea_sim --mode cpu --step wash --particles 2000 --duration 30,"Particles: 2000 total (1800 fluid, 200 cells)\nMode: cpu\nStep: wash\nDuration: 30 seconds\nRequested duration reached: 30 seconds. Exiting.\n\n========== Benchmark Summary ==========\nMode: cpu\nStep: wash\nParticles: 2000\nFrames: 1875\nOverall runtime: 6.6508 s\nAverage FPS: 281.9228\nAverage full frame runtime: 3.5467 ms/frame\nAverage system update runtime: 0.0007 ms/frame\nAverage CPU particle update runtime: 0.1099 ms/frame\nTotal CPU particle update runtime: 0.2061 s\nAverage render/swap/poll runtime: 3.4126 ms/frame\n=======================================\n",
cpu,cpu,wash,2000,2,30,0,6.76520013299978,6.5231,1875.0,287.4398,3.4787,0.0007,0.1091,0.2046,3.3451,./bin/rotea_sim --mode cpu --step wash --particles 2000 --duration 30,"Particles: 2000 total (1800 fluid, 200 cells)\nMode: cpu\nStep: wash\nDuration: 30 seconds\nRequested duration reached: 30 seconds. Exiting.\n\n========== Benchmark Summary ==========\nMode: cpu\nStep: wash\nParticles: 2000\nFrames: 1875\nOverall runtime: 6.5231 s\nAverage FPS: 287.4398\nAverage full frame runtime: 3.4787 ms/frame\nAverage system update runtime: 0.0007 ms/frame\nAverage CPU particle update runtime: 0.1091 ms/frame\nTotal CPU particle update runtime: 0.2046 s\nAverage render/swap/poll runtime: 3.3451 ms/frame\n=======================================\n",
cpu,cpu,wash,2000,3,30,0,6.633735634999994,6.3932,1875.0,293.2802,3.4094,0.0007,0.1064,0.1995,3.2794,./bin/rotea_sim --mode cpu --step wash --particles 2000 --duration 30,"Particles: 2000 total (1800 fluid, 200 cells)\nMode: cpu\nStep: wash\nDuration: 30 seconds\nRequested duration reached: 30 seconds. Exiting.\n\n========== Benchmark Summary ==========\nMode: cpu\nStep: wash\nParticles: 2000\nFrames: 1875\nOverall runtime: 6.3932 s\nAverage FPS: 293.2802\nAverage full frame runtime: 3.4094 ms/frame\nAverage system update runtime: 0.0007 ms/frame\nAverage CPU particle update runtime: 0.1064 ms/frame\nTotal CPU particle update runtime: 0.1995 s\nAverage render/swap/poll runtime: 3.2794 ms/frame\n=======================================\n",
cuda,cuda,wash,2000,1,30,0,7.1778368039999805,5.2727,1875.0,355.6085,2.8118,0.0007,0.2703,0.5069,2.52,./bin/rotea_sim_cuda --mode cuda --step wash --particles 2000 --duration 30,"Particles: 2000 total (1800 fluid, 200 cells)\nMode: cuda\nStep: wash\nDuration: 30 seconds\nRequested duration reached: 30 seconds. Exiting.\n\n========== Benchmark Summary ==========\nMode: cuda\nStep: wash\nParticles: 2000\nFrames: 1875\nOverall runtime: 5.2727 s\nAverage FPS: 355.6085\nAverage full frame runtime: 2.8118 ms/frame\nAverage system update runtime: 0.0007 ms/frame\nAverage CUDA particle update runtime: 0.2703 ms/frame\nTotal CUDA particle update runtime: 0.5069 s\nAverage render/swap/poll runtime: 2.5200 ms/frame\n=======================================\n","[CUDA ENGINE] using persistent CUDA particle buffer\n[CUDA] Persistent particle buffer allocated: 2000 particles, 0.07 MB\n[CUDA] Persistent particle buffer released.\n"
cuda,cuda,wash,2000,2,30,0,7.279111969000041,5.3931,1875.0,347.6662,2.8761,0.0007,0.2806,0.5261,2.5735,./bin/rotea_sim_cuda --mode cuda --step wash --particles 2000 --duration 30,"Particles: 2000 total (1800 fluid, 200 cells)\nMode: cuda\nStep: wash\nDuration: 30 seconds\nRequested duration reached: 30 seconds. Exiting.\n\n========== Benchmark Summary ==========\nMode: cuda\nStep: wash\nParticles: 2000\nFrames: 1875\nOverall runtime: 5.3931 s\nAverage FPS: 347.6662\nAverage full frame runtime: 2.8761 ms/frame\nAverage system update runtime: 0.0007 ms/frame\nAverage CUDA particle update runtime: 0.2806 ms/frame\nTotal CUDA particle update runtime: 0.5261 s\nAverage render/swap/poll runtime: 2.5735 ms/frame\n=======================================\n","[CUDA ENGINE] using persistent CUDA particle buffer\n[CUDA] Persistent particle buffer allocated: 2000 particles, 0.07 MB\n[CUDA] Persistent particle buffer released.\n"
cuda,cuda,wash,2000,3,30,0,7.30681082000001,5.4095,1875.0,346.6119,2.8848,0.0007,0.279,0.523,2.5842,./bin/rotea_sim_cuda --mode cuda --step wash --particles 2000 --duration 30,"Particles: 2000 total (1800 fluid, 200 cells)\nMode: cuda\nStep: wash\nDuration: 30 seconds\nRequested duration reached: 30 seconds. Exiting.\n\n========== Benchmark Summary ==========\nMode: cuda\nStep: wash\nParticles: 2000\nFrames: 1875\nOverall runtime: 5.4095 s\nAverage FPS: 346.6119\nAverage full frame runtime: 2.8848 ms/frame\nAverage system update runtime: 0.0007 ms/frame\nAverage CUDA particle update runtime: 0.2790 ms/frame\nTotal CUDA particle update runtime: 0.5230 s\nAverage render/swap/poll runtime: 2.5842 ms/frame\n=======================================\n","[CUDA ENGINE] using persistent CUDA particle buffer\n[CUDA] Persistent particle buffer allocated: 2000 particles, 0.07 MB\n[CUDA] Persistent particle buffer released.\n"
cpu,cpu,harvest,2000,1,30,0,6.8896462389998305,6.6853,1875.0,280.4661,3.5651,0.0007,0.1128,0.2114,3.4278,./bin/rotea_sim --mode cpu --step harvest --particles 2000 --duration 30,"Particles: 2000 total (1800 fluid, 200 cells)\nMode: cpu\nStep: harvest\nDuration: 30 seconds\nRequested duration reached: 30 seconds. Exiting.\n\n========== Benchmark Summary ==========\nMode: cpu\nStep: harvest\nParticles: 2000\nFrames: 1875\nOverall runtime: 6.6853 s\nAverage FPS: 280.4661\nAverage full frame runtime: 3.5651 ms/frame\nAverage system update runtime: 0.0007 ms/frame\nAverage CPU particle update runtime: 0.1128 ms/frame\nTotal CPU particle update runtime: 0.2114 s\nAverage render/swap/poll runtime: 3.4278 ms/frame\n=======================================\n",
cpu,cpu,harvest,2000,2,30,0,6.9796806469998955,6.7189,1875.0,279.0654,3.5831,0.0006,0.1112,0.2084,3.4475,./bin/rotea_sim --mode cpu --step harvest --particles 2000 --duration 30,"Particles: 2000 total (1800 fluid, 200 cells)\nMode: cpu\nStep: harvest\nDuration: 30 seconds\nRequested duration reached: 30 seconds. Exiting.\n\n========== Benchmark Summary ==========\nMode: cpu\nStep: harvest\nParticles: 2000\nFrames: 1875\nOverall runtime: 6.7189 s\nAverage FPS: 279.0654\nAverage full frame runtime: 3.5831 ms/frame\nAverage system update runtime: 0.0006 ms/frame\nAverage CPU particle update runtime: 0.1112 ms/frame\nTotal CPU particle update runtime: 0.2084 s\nAverage render/swap/poll runtime: 3.4475 ms/frame\n=======================================\n",
cpu,cpu,harvest,2000,3,30,0,6.895263297999918,6.6307,1875.0,282.7737,3.536,0.0007,0.1098,0.2058,3.402,./bin/rotea_sim --mode cpu --step harvest --particles 2000 --duration 30,"Particles: 2000 total (1800 fluid, 200 cells)\nMode: cpu\nStep: harvest\nDuration: 30 seconds\nRequested duration reached: 30 seconds. Exiting.\n\n========== Benchmark Summary ==========\nMode: cpu\nStep: harvest\nParticles: 2000\nFrames: 1875\nOverall runtime: 6.6307 s\nAverage FPS: 282.7737\nAverage full frame runtime: 3.5360 ms/frame\nAverage system update runtime: 0.0007 ms/frame\nAverage CPU particle update runtime: 0.1098 ms/frame\nTotal CPU particle update runtime: 0.2058 s\nAverage render/swap/poll runtime: 3.4020 ms/frame\n=======================================\n",
cuda,cuda,harvest,2000,1,30,0,9.872178648000045,6.8731,1875.0,272.8019,3.6653,0.0007,0.428,0.8025,3.2034,./bin/rotea_sim_cuda --mode cuda --step harvest --particles 2000 --duration 30,"Particles: 2000 total (1800 fluid, 200 cells)\nMode: cuda\nStep: harvest\nDuration: 30 seconds\nRequested duration reached: 30 seconds. Exiting.\n\n========== Benchmark Summary ==========\nMode: cuda\nStep: harvest\nParticles: 2000\nFrames: 1875\nOverall runtime: 6.8731 s\nAverage FPS: 272.8019\nAverage full frame runtime: 3.6653 ms/frame\nAverage system update runtime: 0.0007 ms/frame\nAverage CUDA particle update runtime: 0.4280 ms/frame\nTotal CUDA particle update runtime: 0.8025 s\nAverage render/swap/poll runtime: 3.2034 ms/frame\n=======================================\n","[CUDA ENGINE] using persistent CUDA particle buffer\n[CUDA] Persistent particle buffer allocated: 2000 particles, 0.07 MB\n[CUDA] Persistent particle buffer released.\n"
cuda,cuda,harvest,2000,2,30,0,7.694670621999649,5.7417,1875.0,326.558,3.062,0.0006,0.3294,0.6176,2.7046,./bin/rotea_sim_cuda --mode cuda --step harvest --particles 2000 --duration 30,"Particles: 2000 total (1800 fluid, 200 cells)\nMode: cuda\nStep: harvest\nDuration: 30 seconds\nRequested duration reached: 30 seconds. Exiting.\n\n========== Benchmark Summary ==========\nMode: cuda\nStep: harvest\nParticles: 2000\nFrames: 1875\nOverall runtime: 5.7417 s\nAverage FPS: 326.5580\nAverage full frame runtime: 3.0620 ms/frame\nAverage system update runtime: 0.0006 ms/frame\nAverage CUDA particle update runtime: 0.3294 ms/frame\nTotal CUDA particle update runtime: 0.6176 s\nAverage render/swap/poll runtime: 2.7046 ms/frame\n=======================================\n","[CUDA ENGINE] using persistent CUDA particle buffer\n[CUDA] Persistent particle buffer allocated: 2000 particles, 0.07 MB\n[CUDA] Persistent particle buffer released.\n"
cuda,cuda,harvest,2000,3,30,0,7.5621486860000005,5.672,1875.0,330.5721,3.0247,0.0006,0.3164,0.5933,2.6806,./bin/rotea_sim_cuda --mode cuda --step harvest --particles 2000 --duration 30,"Particles: 2000 total (1800 fluid, 200 cells)\nMode: cuda\nStep: harvest\nDuration: 30 seconds\nRequested duration reached: 30 seconds. Exiting.\n\n========== Benchmark Summary ==========\nMode: cuda\nStep: harvest\nParticles: 2000\nFrames: 1875\nOverall runtime: 5.6720 s\nAverage FPS: 330.5721\nAverage full frame runtime: 3.0247 ms/frame\nAverage system update runtime: 0.0006 ms/frame\nAverage CUDA particle update runtime: 0.3164 ms/frame\nTotal CUDA particle update runtime: 0.5933 s\nAverage render/swap/poll runtime: 2.6806 ms/frame\n=======================================\n","[CUDA ENGINE] using persistent CUDA particle buffer\n[CUDA] Persistent particle buffer allocated: 2000 particles, 0.07 MB\n[CUDA] Persistent particle buffer released.\n"
cpu,cpu,load,5000,1,30,0,7.6294195059999765,7.4008,1875.0,253.351,3.9467,0.0007,0.2825,0.5297,3.6025,./bin/rotea_sim --mode cpu --step load --particles 5000 --duration 30,"Particles: 5000 total (4500 fluid, 500 cells)\nMode: cpu\nStep: load\nDuration: 30 seconds\nRequested duration reached: 30 seconds. Exiting.\n\n========== Benchmark Summary ==========\nMode: cpu\nStep: load\nParticles: 5000\nFrames: 1875\nOverall runtime: 7.4008 s\nAverage FPS: 253.3510\nAverage full frame runtime: 3.9467 ms/frame\nAverage system update runtime: 0.0007 ms/frame\nAverage CPU particle update runtime: 0.2825 ms/frame\nTotal CPU particle update runtime: 0.5297 s\nAverage render/swap/poll runtime: 3.6025 ms/frame\n=======================================\n",
cpu,cpu,load,5000,2,30,0,6.94648558300014,6.6862,1875.0,280.4298,3.5657,0.0006,0.2554,0.4789,3.2546,./bin/rotea_sim --mode cpu --step load --particles 5000 --duration 30,"Particles: 5000 total (4500 fluid, 500 cells)\nMode: cpu\nStep: load\nDuration: 30 seconds\nRequested duration reached: 30 seconds. Exiting.\n\n========== Benchmark Summary ==========\nMode: cpu\nStep: load\nParticles: 5000\nFrames: 1875\nOverall runtime: 6.6862 s\nAverage FPS: 280.4298\nAverage full frame runtime: 3.5657 ms/frame\nAverage system update runtime: 0.0006 ms/frame\nAverage CPU particle update runtime: 0.2554 ms/frame\nTotal CPU particle update runtime: 0.4789 s\nAverage render/swap/poll runtime: 3.2546 ms/frame\n=======================================\n",
cpu,cpu,load,5000,3,30,0,7.070987002000038,6.7585,1875.0,277.4266,3.6043,0.0005,0.2587,0.4851,3.2882,./bin/rotea_sim --mode cpu --step load --particles 5000 --duration 30,"Particles: 5000 total (4500 fluid, 500 cells)\nMode: cpu\nStep: load\nDuration: 30 seconds\nRequested duration reached: 30 seconds. Exiting.\n\n========== Benchmark Summary ==========\nMode: cpu\nStep: load\nParticles: 5000\nFrames: 1875\nOverall runtime: 6.7585 s\nAverage FPS: 277.4266\nAverage full frame runtime: 3.6043 ms/frame\nAverage system update runtime: 0.0005 ms/frame\nAverage CPU particle update runtime: 0.2587 ms/frame\nTotal CPU particle update runtime: 0.4851 s\nAverage render/swap/poll runtime: 3.2882 ms/frame\n=======================================\n",
cuda,cuda,load,5000,1,30,0,9.437363661999825,6.3531,1875.0,295.1319,3.388,0.0006,0.3759,0.7047,2.9564,./bin/rotea_sim_cuda --mode cuda --step load --particles 5000 --duration 30,"Particles: 5000 total (4500 fluid, 500 cells)\nMode: cuda\nStep: load\nDuration: 30 seconds\nRequested duration reached: 30 seconds. Exiting.\n\n========== Benchmark Summary ==========\nMode: cuda\nStep: load\nParticles: 5000\nFrames: 1875\nOverall runtime: 6.3531 s\nAverage FPS: 295.1319\nAverage full frame runtime: 3.3880 ms/frame\nAverage system update runtime: 0.0006 ms/frame\nAverage CUDA particle update runtime: 0.3759 ms/frame\nTotal CUDA particle update runtime: 0.7047 s\nAverage render/swap/poll runtime: 2.9564 ms/frame\n=======================================\n","[CUDA ENGINE] using persistent CUDA particle buffer\n[CUDA] Persistent particle buffer allocated: 5000 particles, 0.17 MB\n[CUDA] Persistent particle buffer released.\n"
cuda,cuda,load,5000,2,30,0,8.373293327999818,6.4735,1875.0,289.6412,3.4523,0.0006,0.3887,0.7288,3.0071,./bin/rotea_sim_cuda --mode cuda --step load --particles 5000 --duration 30,"Particles: 5000 total (4500 fluid, 500 cells)\nMode: cuda\nStep: load\nDuration: 30 seconds\nRequested duration reached: 30 seconds. Exiting.\n\n========== Benchmark Summary ==========\nMode: cuda\nStep: load\nParticles: 5000\nFrames: 1875\nOverall runtime: 6.4735 s\nAverage FPS: 289.6412\nAverage full frame runtime: 3.4523 ms/frame\nAverage system update runtime: 0.0006 ms/frame\nAverage CUDA particle update runtime: 0.3887 ms/frame\nTotal CUDA particle update runtime: 0.7288 s\nAverage render/swap/poll runtime: 3.0071 ms/frame\n=======================================\n","[CUDA ENGINE] using persistent CUDA particle buffer\n[CUDA] Persistent particle buffer allocated: 5000 particles, 0.17 MB\n[CUDA] Persistent particle buffer released.\n"
cuda,cuda,load,5000,3,30,0,8.867270580999957,6.9574,1875.0,269.4967,3.7102,0.0006,0.4418,0.8283,3.2086,./bin/rotea_sim_cuda --mode cuda --step load --particles 5000 --duration 30,"Particles: 5000 total (4500 fluid, 500 cells)\nMode: cuda\nStep: load\nDuration: 30 seconds\nRequested duration reached: 30 seconds. Exiting.\n\n========== Benchmark Summary ==========\nMode: cuda\nStep: load\nParticles: 5000\nFrames: 1875\nOverall runtime: 6.9574 s\nAverage FPS: 269.4967\nAverage full frame runtime: 3.7102 ms/frame\nAverage system update runtime: 0.0006 ms/frame\nAverage CUDA particle update runtime: 0.4418 ms/frame\nTotal CUDA particle update runtime: 0.8283 s\nAverage render/swap/poll runtime: 3.2086 ms/frame\n=======================================\n","[CUDA ENGINE] using persistent CUDA particle buffer\n[CUDA] Persistent particle buffer allocated: 5000 particles, 0.17 MB\n[CUDA] Persistent particle buffer released.\n"
cpu,cpu,concentrate,5000,1,30,0,7.710288405000028,7.4655,1875.0,251.1548,3.9812,0.0007,0.2872,0.5385,3.632,./bin/rotea_sim --mode cpu --step concentrate --particles 5000 --duration 30,"Particles: 5000 total (4500 fluid, 500 cells)\nMode: cpu\nStep: concentrate\nDuration: 30 seconds\nRequested duration reached: 30 seconds. Exiting.\n\n========== Benchmark Summary ==========\nMode: cpu\nStep: concentrate\nParticles: 5000\nFrames: 1875\nOverall runtime: 7.4655 s\nAverage FPS: 251.1548\nAverage full frame runtime: 3.9812 ms/frame\nAverage system update runtime: 0.0007 ms/frame\nAverage CPU particle update runtime: 0.2872 ms/frame\nTotal CPU particle update runtime: 0.5385 s\nAverage render/swap/poll runtime: 3.6320 ms/frame\n=======================================\n",
cpu,cpu,concentrate,5000,2,30,0,7.395193692999783,7.1268,1875.0,263.0915,3.8006,0.0008,0.2714,0.5088,3.4693,./bin/rotea_sim --mode cpu --step concentrate --particles 5000 --duration 30,"Particles: 5000 total (4500 fluid, 500 cells)\nMode: cpu\nStep: concentrate\nDuration: 30 seconds\nRequested duration reached: 30 seconds. Exiting.\n\n========== Benchmark Summary ==========\nMode: cpu\nStep: concentrate\nParticles: 5000\nFrames: 1875\nOverall runtime: 7.1268 s\nAverage FPS: 263.0915\nAverage full frame runtime: 3.8006 ms/frame\nAverage system update runtime: 0.0008 ms/frame\nAverage CPU particle update runtime: 0.2714 ms/frame\nTotal CPU particle update runtime: 0.5088 s\nAverage render/swap/poll runtime: 3.4693 ms/frame\n=======================================\n",
cpu,cpu,concentrate,5000,3,30,0,7.111424768000234,6.8701,1875.0,272.9218,3.6637,0.0007,0.2629,0.4929,3.3416,./bin/rotea_sim --mode cpu --step concentrate --particles 5000 --duration 30,"Particles: 5000 total (4500 fluid, 500 cells)\nMode: cpu\nStep: concentrate\nDuration: 30 seconds\nRequested duration reached: 30 seconds. Exiting.\n\n========== Benchmark Summary ==========\nMode: cpu\nStep: concentrate\nParticles: 5000\nFrames: 1875\nOverall runtime: 6.8701 s\nAverage FPS: 272.9218\nAverage full frame runtime: 3.6637 ms/frame\nAverage system update runtime: 0.0007 ms/frame\nAverage CPU particle update runtime: 0.2629 ms/frame\nTotal CPU particle update runtime: 0.4929 s\nAverage render/swap/poll runtime: 3.3416 ms/frame\n=======================================\n",
cuda,cuda,concentrate,5000,1,30,0,9.68341359399983,6.648,1875.0,282.0391,3.5452,0.0006,0.4174,0.7825,3.0683,./bin/rotea_sim_cuda --mode cuda --step concentrate --particles 5000 --duration 30,"Particles: 5000 total (4500 fluid, 500 cells)\nMode: cuda\nStep: concentrate\nDuration: 30 seconds\nRequested duration reached: 30 seconds. Exiting.\n\n========== Benchmark Summary ==========\nMode: cuda\nStep: concentrate\nParticles: 5000\nFrames: 1875\nOverall runtime: 6.6480 s\nAverage FPS: 282.0391\nAverage full frame runtime: 3.5452 ms/frame\nAverage system update runtime: 0.0006 ms/frame\nAverage CUDA particle update runtime: 0.4174 ms/frame\nTotal CUDA particle update runtime: 0.7825 s\nAverage render/swap/poll runtime: 3.0683 ms/frame\n=======================================\n","[CUDA ENGINE] using persistent CUDA particle buffer\n[CUDA] Persistent particle buffer allocated: 5000 particles, 0.17 MB\n[CUDA] Persistent particle buffer released.\n"
cuda,cuda,concentrate,5000,2,30,0,8.713770452000063,6.8003,1875.0,275.7237,3.6265,0.0008,0.4319,0.8098,3.1348,./bin/rotea_sim_cuda --mode cuda --step concentrate --particles 5000 --duration 30,"Particles: 5000 total (4500 fluid, 500 cells)\nMode: cuda\nStep: concentrate\nDuration: 30 seconds\nRequested duration reached: 30 seconds. Exiting.\n\n========== Benchmark Summary ==========\nMode: cuda\nStep: concentrate\nParticles: 5000\nFrames: 1875\nOverall runtime: 6.8003 s\nAverage FPS: 275.7237\nAverage full frame runtime: 3.6265 ms/frame\nAverage system update runtime: 0.0008 ms/frame\nAverage CUDA particle update runtime: 0.4319 ms/frame\nTotal CUDA particle update runtime: 0.8098 s\nAverage render/swap/poll runtime: 3.1348 ms/frame\n=======================================\n","[CUDA ENGINE] using persistent CUDA particle buffer\n[CUDA] Persistent particle buffer allocated: 5000 particles, 0.17 MB\n[CUDA] Persistent particle buffer released.\n"
cuda,cuda,concentrate,5000,3,30,0,8.428305529999761,6.5262,1875.0,287.3051,3.4803,0.0007,0.4032,0.7561,3.0195,./bin/rotea_sim_cuda --mode cuda --step concentrate --particles 5000 --duration 30,"Particles: 5000 total (4500 fluid, 500 cells)\nMode: cuda\nStep: concentrate\nDuration: 30 seconds\nRequested duration reached: 30 seconds. Exiting.\n\n========== Benchmark Summary ==========\nMode: cuda\nStep: concentrate\nParticles: 5000\nFrames: 1875\nOverall runtime: 6.5262 s\nAverage FPS: 287.3051\nAverage full frame runtime: 3.4803 ms/frame\nAverage system update runtime: 0.0007 ms/frame\nAverage CUDA particle update runtime: 0.4032 ms/frame\nTotal CUDA particle update runtime: 0.7561 s\nAverage render/swap/poll runtime: 3.0195 ms/frame\n=======================================\n","[CUDA ENGINE] using persistent CUDA particle buffer\n[CUDA] Persistent particle buffer allocated: 5000 particles, 0.17 MB\n[CUDA] Persistent particle buffer released.\n"
cpu,cpu,wash,5000,1,30,0,6.779313789999833,6.5286,1875.0,287.1997,3.4815,0.0006,0.2459,0.461,3.1807,./bin/rotea_sim --mode cpu --step wash --particles 5000 --duration 30,"Particles: 5000 total (4500 fluid, 500 cells)\nMode: cpu\nStep: wash\nDuration: 30 seconds\nRequested duration reached: 30 seconds. Exiting.\n\n========== Benchmark Summary ==========\nMode: cpu\nStep: wash\nParticles: 5000\nFrames: 1875\nOverall runtime: 6.5286 s\nAverage FPS: 287.1997\nAverage full frame runtime: 3.4815 ms/frame\nAverage system update runtime: 0.0006 ms/frame\nAverage CPU particle update runtime: 0.2459 ms/frame\nTotal CPU particle update runtime: 0.4610 s\nAverage render/swap/poll runtime: 3.1807 ms/frame\n=======================================\n",
cpu,cpu,wash,5000,2,30,0,7.430252191999898,7.1403,1875.0,262.5923,3.8078,0.0008,0.2737,0.5133,3.4741,./bin/rotea_sim --mode cpu --step wash --particles 5000 --duration 30,"Particles: 5000 total (4500 fluid, 500 cells)\nMode: cpu\nStep: wash\nDuration: 30 seconds\nRequested duration reached: 30 seconds. Exiting.\n\n========== Benchmark Summary ==========\nMode: cpu\nStep: wash\nParticles: 5000\nFrames: 1875\nOverall runtime: 7.1403 s\nAverage FPS: 262.5923\nAverage full frame runtime: 3.8078 ms/frame\nAverage system update runtime: 0.0008 ms/frame\nAverage CPU particle update runtime: 0.2737 ms/frame\nTotal CPU particle update runtime: 0.5133 s\nAverage render/swap/poll runtime: 3.4741 ms/frame\n=======================================\n",
cpu,cpu,wash,5000,3,30,0,7.39577843699999,7.1418,1875.0,262.54,3.8085,0.0009,0.2755,0.5166,3.4731,./bin/rotea_sim --mode cpu --step wash --particles 5000 --duration 30,"Particles: 5000 total (4500 fluid, 500 cells)\nMode: cpu\nStep: wash\nDuration: 30 seconds\nRequested duration reached: 30 seconds. Exiting.\n\n========== Benchmark Summary ==========\nMode: cpu\nStep: wash\nParticles: 5000\nFrames: 1875\nOverall runtime: 7.1418 s\nAverage FPS: 262.5400\nAverage full frame runtime: 3.8085 ms/frame\nAverage system update runtime: 0.0009 ms/frame\nAverage CPU particle update runtime: 0.2755 ms/frame\nTotal CPU particle update runtime: 0.5166 s\nAverage render/swap/poll runtime: 3.4731 ms/frame\n=======================================\n",
cuda,cuda,wash,5000,1,30,0,8.492371195000032,6.5752,1875.0,285.1611,3.5064,0.0006,0.4124,0.7733,3.035,./bin/rotea_sim_cuda --mode cuda --step wash --particles 5000 --duration 30,"Particles: 5000 total (4500 fluid, 500 cells)\nMode: cuda\nStep: wash\nDuration: 30 seconds\nRequested duration reached: 30 seconds. Exiting.\n\n========== Benchmark Summary ==========\nMode: cuda\nStep: wash\nParticles: 5000\nFrames: 1875\nOverall runtime: 6.5752 s\nAverage FPS: 285.1611\nAverage full frame runtime: 3.5064 ms/frame\nAverage system update runtime: 0.0006 ms/frame\nAverage CUDA particle update runtime: 0.4124 ms/frame\nTotal CUDA particle update runtime: 0.7733 s\nAverage render/swap/poll runtime: 3.0350 ms/frame\n=======================================\n","[CUDA ENGINE] using persistent CUDA particle buffer\n[CUDA] Persistent particle buffer allocated: 5000 particles, 0.17 MB\n[CUDA] Persistent particle buffer released.\n"
cuda,cuda,wash,5000,2,30,0,8.762939499999902,6.8461,1875.0,273.8794,3.6508,0.0008,0.4435,0.8316,3.1464,./bin/rotea_sim_cuda --mode cuda --step wash --particles 5000 --duration 30,"Particles: 5000 total (4500 fluid, 500 cells)\nMode: cuda\nStep: wash\nDuration: 30 seconds\nRequested duration reached: 30 seconds. Exiting.\n\n========== Benchmark Summary ==========\nMode: cuda\nStep: wash\nParticles: 5000\nFrames: 1875\nOverall runtime: 6.8461 s\nAverage FPS: 273.8794\nAverage full frame runtime: 3.6508 ms/frame\nAverage system update runtime: 0.0008 ms/frame\nAverage CUDA particle update runtime: 0.4435 ms/frame\nTotal CUDA particle update runtime: 0.8316 s\nAverage render/swap/poll runtime: 3.1464 ms/frame\n=======================================\n","[CUDA ENGINE] using persistent CUDA particle buffer\n[CUDA] Persistent particle buffer allocated: 5000 particles, 0.17 MB\n[CUDA] Persistent particle buffer released.\n"
cuda,cuda,wash,5000,3,30,0,8.8984433239998,6.9817,1875.0,268.5591,3.7232,0.001,0.45,0.8438,3.2107,./bin/rotea_sim_cuda --mode cuda --step wash --particles 5000 --duration 30,"Particles: 5000 total (4500 fluid, 500 cells)\nMode: cuda\nStep: wash\nDuration: 30 seconds\nRequested duration reached: 30 seconds. Exiting.\n\n========== Benchmark Summary ==========\nMode: cuda\nStep: wash\nParticles: 5000\nFrames: 1875\nOverall runtime: 6.9817 s\nAverage FPS: 268.5591\nAverage full frame runtime: 3.7232 ms/frame\nAverage system update runtime: 0.0010 ms/frame\nAverage CUDA particle update runtime: 0.4500 ms/frame\nTotal CUDA particle update runtime: 0.8438 s\nAverage render/swap/poll runtime: 3.2107 ms/frame\n=======================================\n","[CUDA ENGINE] using persistent CUDA particle buffer\n[CUDA] Persistent particle buffer allocated: 5000 particles, 0.17 MB\n[CUDA] Persistent particle buffer released.\n"
cpu,cpu,harvest,5000,1,30,0,7.16342787900021,6.958,1875.0,269.4749,3.7106,0.0007,0.2684,0.5032,3.3841,./bin/rotea_sim --mode cpu --step harvest --particles 5000 --duration 30,"Particles: 5000 total (4500 fluid, 500 cells)\nMode: cpu\nStep: harvest\nDuration: 30 seconds\nRequested duration reached: 30 seconds. Exiting.\n\n========== Benchmark Summary ==========\nMode: cpu\nStep: harvest\nParticles: 5000\nFrames: 1875\nOverall runtime: 6.9580 s\nAverage FPS: 269.4749\nAverage full frame runtime: 3.7106 ms/frame\nAverage system update runtime: 0.0007 ms/frame\nAverage CPU particle update runtime: 0.2684 ms/frame\nTotal CPU particle update runtime: 0.5032 s\nAverage render/swap/poll runtime: 3.3841 ms/frame\n=======================================\n",
cpu,cpu,harvest,5000,2,30,0,7.210156628000277,6.9586,1875.0,269.4511,3.7109,0.0006,0.298,0.5587,3.3546,./bin/rotea_sim --mode cpu --step harvest --particles 5000 --duration 30,"Particles: 5000 total (4500 fluid, 500 cells)\nMode: cpu\nStep: harvest\nDuration: 30 seconds\nRequested duration reached: 30 seconds. Exiting.\n\n========== Benchmark Summary ==========\nMode: cpu\nStep: harvest\nParticles: 5000\nFrames: 1875\nOverall runtime: 6.9586 s\nAverage FPS: 269.4511\nAverage full frame runtime: 3.7109 ms/frame\nAverage system update runtime: 0.0006 ms/frame\nAverage CPU particle update runtime: 0.2980 ms/frame\nTotal CPU particle update runtime: 0.5587 s\nAverage render/swap/poll runtime: 3.3546 ms/frame\n=======================================\n",
cpu,cpu,harvest,5000,3,30,0,7.343803937999837,7.1186,1875.0,263.3954,3.7962,0.0007,0.2739,0.5135,3.463,./bin/rotea_sim --mode cpu --step harvest --particles 5000 --duration 30,"Particles: 5000 total (4500 fluid, 500 cells)\nMode: cpu\nStep: harvest\nDuration: 30 seconds\nRequested duration reached: 30 seconds. Exiting.\n\n========== Benchmark Summary ==========\nMode: cpu\nStep: harvest\nParticles: 5000\nFrames: 1875\nOverall runtime: 7.1186 s\nAverage FPS: 263.3954\nAverage full frame runtime: 3.7962 ms/frame\nAverage system update runtime: 0.0007 ms/frame\nAverage CPU particle update runtime: 0.2739 ms/frame\nTotal CPU particle update runtime: 0.5135 s\nAverage render/swap/poll runtime: 3.4630 ms/frame\n=======================================\n",
cuda,cuda,harvest,5000,1,30,0,9.383290605000184,6.228,1875.0,301.0619,3.3213,0.0006,0.3729,0.6992,2.8824,./bin/rotea_sim_cuda --mode cuda --step harvest --particles 5000 --duration 30,"Particles: 5000 total (4500 fluid, 500 cells)\nMode: cuda\nStep: harvest\nDuration: 30 seconds\nRequested duration reached: 30 seconds. Exiting.\n\n========== Benchmark Summary ==========\nMode: cuda\nStep: harvest\nParticles: 5000\nFrames: 1875\nOverall runtime: 6.2280 s\nAverage FPS: 301.0619\nAverage full frame runtime: 3.3213 ms/frame\nAverage system update runtime: 0.0006 ms/frame\nAverage CUDA particle update runtime: 0.3729 ms/frame\nTotal CUDA particle update runtime: 0.6992 s\nAverage render/swap/poll runtime: 2.8824 ms/frame\n=======================================\n","[CUDA ENGINE] using persistent CUDA particle buffer\n[CUDA] Persistent particle buffer allocated: 5000 particles, 0.17 MB\n[CUDA] Persistent particle buffer released.\n"
cuda,cuda,harvest,5000,2,30,0,8.03059034900025,6.1559,1875.0,304.5837,3.2829,0.0006,0.3632,0.6811,2.8536,./bin/rotea_sim_cuda --mode cuda --step harvest --particles 5000 --duration 30,"Particles: 5000 total (4500 fluid, 500 cells)\nMode: cuda\nStep: harvest\nDuration: 30 seconds\nRequested duration reached: 30 seconds. Exiting.\n\n========== Benchmark Summary ==========\nMode: cuda\nStep: harvest\nParticles: 5000\nFrames: 1875\nOverall runtime: 6.1559 s\nAverage FPS: 304.5837\nAverage full frame runtime: 3.2829 ms/frame\nAverage system update runtime: 0.0006 ms/frame\nAverage CUDA particle update runtime: 0.3632 ms/frame\nTotal CUDA particle update runtime: 0.6811 s\nAverage render/swap/poll runtime: 2.8536 ms/frame\n=======================================\n","[CUDA ENGINE] using persistent CUDA particle buffer\n[CUDA] Persistent particle buffer allocated: 5000 particles, 0.17 MB\n[CUDA] Persistent particle buffer released.\n"
cuda,cuda,harvest,5000,3,30,0,8.112766498999918,6.184,1875.0,303.2027,3.2979,0.0005,0.3628,0.6803,2.8699,./bin/rotea_sim_cuda --mode cuda --step harvest --particles 5000 --duration 30,"Particles: 5000 total (4500 fluid, 500 cells)\nMode: cuda\nStep: harvest\nDuration: 30 seconds\nRequested duration reached: 30 seconds. Exiting.\n\n========== Benchmark Summary ==========\nMode: cuda\nStep: harvest\nParticles: 5000\nFrames: 1875\nOverall runtime: 6.1840 s\nAverage FPS: 303.2027\nAverage full frame runtime: 3.2979 ms/frame\nAverage system update runtime: 0.0005 ms/frame\nAverage CUDA particle update runtime: 0.3628 ms/frame\nTotal CUDA particle update runtime: 0.6803 s\nAverage render/swap/poll runtime: 2.8699 ms/frame\n=======================================\n","[CUDA ENGINE] using persistent CUDA particle buffer\n[CUDA] Persistent particle buffer allocated: 5000 particles, 0.17 MB\n[CUDA] Persistent particle buffer released.\n"
cpu,cpu,load,10000,1,30,0,10.010325758000363,9.7914,1875.0,191.494,5.2217,0.0006,0.5954,1.1164,4.5097,./bin/rotea_sim --mode cpu --step load --particles 10000 --duration 30,"Particles: 10000 total (9000 fluid, 1000 cells)\nMode: cpu\nStep: load\nDuration: 30 seconds\nRequested duration reached: 30 seconds. Exiting.\n\n========== Benchmark Summary ==========\nMode: cpu\nStep: load\nParticles: 10000\nFrames: 1875\nOverall runtime: 9.7914 s\nAverage FPS: 191.4940\nAverage full frame runtime: 5.2217 ms/frame\nAverage system update runtime: 0.0006 ms/frame\nAverage CPU particle update runtime: 0.5954 ms/frame\nTotal CPU particle update runtime: 1.1164 s\nAverage render/swap/poll runtime: 4.5097 ms/frame\n=======================================\n",
cpu,cpu,load,10000,2,30,0,10.13558318000014,9.8675,1875.0,190.0181,5.2623,0.0008,0.5917,1.1094,4.5531,./bin/rotea_sim --mode cpu --step load --particles 10000 --duration 30,"Particles: 10000 total (9000 fluid, 1000 cells)\nMode: cpu\nStep: load\nDuration: 30 seconds\nRequested duration reached: 30 seconds. Exiting.\n\n========== Benchmark Summary ==========\nMode: cpu\nStep: load\nParticles: 10000\nFrames: 1875\nOverall runtime: 9.8675 s\nAverage FPS: 190.0181\nAverage full frame runtime: 5.2623 ms/frame\nAverage system update runtime: 0.0008 ms/frame\nAverage CPU particle update runtime: 0.5917 ms/frame\nTotal CPU particle update runtime: 1.1094 s\nAverage render/swap/poll runtime: 4.5531 ms/frame\n=======================================\n",
cpu,cpu,load,10000,3,30,0,10.232168342999557,9.9643,1875.0,188.1719,5.3139,0.0007,0.5974,1.1201,4.5999,./bin/rotea_sim --mode cpu --step load --particles 10000 --duration 30,"Particles: 10000 total (9000 fluid, 1000 cells)\nMode: cpu\nStep: load\nDuration: 30 seconds\nRequested duration reached: 30 seconds. Exiting.\n\n========== Benchmark Summary ==========\nMode: cpu\nStep: load\nParticles: 10000\nFrames: 1875\nOverall runtime: 9.9643 s\nAverage FPS: 188.1719\nAverage full frame runtime: 5.3139 ms/frame\nAverage system update runtime: 0.0007 ms/frame\nAverage CPU particle update runtime: 0.5974 ms/frame\nTotal CPU particle update runtime: 1.1201 s\nAverage render/swap/poll runtime: 4.5999 ms/frame\n=======================================\n",
cuda,cuda,load,10000,1,30,0,11.839356768000016,8.8023,1875.0,213.013,4.6942,0.0006,0.6165,1.1559,3.9526,./bin/rotea_sim_cuda --mode cuda --step load --particles 10000 --duration 30,"Particles: 10000 total (9000 fluid, 1000 cells)\nMode: cuda\nStep: load\nDuration: 30 seconds\nRequested duration reached: 30 seconds. Exiting.\n\n========== Benchmark Summary ==========\nMode: cuda\nStep: load\nParticles: 10000\nFrames: 1875\nOverall runtime: 8.8023 s\nAverage FPS: 213.0130\nAverage full frame runtime: 4.6942 ms/frame\nAverage system update runtime: 0.0006 ms/frame\nAverage CUDA particle update runtime: 0.6165 ms/frame\nTotal CUDA particle update runtime: 1.1559 s\nAverage render/swap/poll runtime: 3.9526 ms/frame\n=======================================\n","[CUDA ENGINE] using persistent CUDA particle buffer\n[CUDA] Persistent particle buffer allocated: 10000 particles, 0.34 MB\n[CUDA] Persistent particle buffer released.\n"
cuda,cuda,load,10000,2,30,0,10.161169576999782,8.2864,1875.0,226.2732,4.4191,0.0008,0.5568,1.044,3.7413,./bin/rotea_sim_cuda --mode cuda --step load --particles 10000 --duration 30,"Particles: 10000 total (9000 fluid, 1000 cells)\nMode: cuda\nStep: load\nDuration: 30 seconds\nRequested duration reached: 30 seconds. Exiting.\n\n========== Benchmark Summary ==========\nMode: cuda\nStep: load\nParticles: 10000\nFrames: 1875\nOverall runtime: 8.2864 s\nAverage FPS: 226.2732\nAverage full frame runtime: 4.4191 ms/frame\nAverage system update runtime: 0.0008 ms/frame\nAverage CUDA particle update runtime: 0.5568 ms/frame\nTotal CUDA particle update runtime: 1.0440 s\nAverage render/swap/poll runtime: 3.7413 ms/frame\n=======================================\n","[CUDA ENGINE] using persistent CUDA particle buffer\n[CUDA] Persistent particle buffer allocated: 10000 particles, 0.34 MB\n[CUDA] Persistent particle buffer released.\n"
cuda,cuda,load,10000,3,30,0,10.282456823000302,8.3311,1875.0,225.06,4.4429,0.0008,0.5645,1.0585,3.7566,./bin/rotea_sim_cuda --mode cuda --step load --particles 10000 --duration 30,"Particles: 10000 total (9000 fluid, 1000 cells)\nMode: cuda\nStep: load\nDuration: 30 seconds\nRequested duration reached: 30 seconds. Exiting.\n\n========== Benchmark Summary ==========\nMode: cuda\nStep: load\nParticles: 10000\nFrames: 1875\nOverall runtime: 8.3311 s\nAverage FPS: 225.0600\nAverage full frame runtime: 4.4429 ms/frame\nAverage system update runtime: 0.0008 ms/frame\nAverage CUDA particle update runtime: 0.5645 ms/frame\nTotal CUDA particle update runtime: 1.0585 s\nAverage render/swap/poll runtime: 3.7566 ms/frame\n=======================================\n","[CUDA ENGINE] using persistent CUDA particle buffer\n[CUDA] Persistent particle buffer allocated: 10000 particles, 0.34 MB\n[CUDA] Persistent particle buffer released.\n"
cpu,cpu,concentrate,10000,1,30,0,10.245942817000014,10.0107,1875.0,187.2991,5.3387,0.0008,0.5995,1.124,4.6216,./bin/rotea_sim --mode cpu --step concentrate --particles 10000 --duration 30,"Particles: 10000 total (9000 fluid, 1000 cells)\nMode: cpu\nStep: concentrate\nDuration: 30 seconds\nRequested duration reached: 30 seconds. Exiting.\n\n========== Benchmark Summary ==========\nMode: cpu\nStep: concentrate\nParticles: 10000\nFrames: 1875\nOverall runtime: 10.0107 s\nAverage FPS: 187.2991\nAverage full frame runtime: 5.3387 ms/frame\nAverage system update runtime: 0.0008 ms/frame\nAverage CPU particle update runtime: 0.5995 ms/frame\nTotal CPU particle update runtime: 1.1240 s\nAverage render/swap/poll runtime: 4.6216 ms/frame\n=======================================\n",
cpu,cpu,concentrate,10000,2,30,0,9.89601625000023,9.6446,1875.0,194.4102,5.1435,0.0008,0.5697,1.0682,4.4586,./bin/rotea_sim --mode cpu --step concentrate --particles 10000 --duration 30,"Particles: 10000 total (9000 fluid, 1000 cells)\nMode: cpu\nStep: concentrate\nDuration: 30 seconds\nRequested duration reached: 30 seconds. Exiting.\n\n========== Benchmark Summary ==========\nMode: cpu\nStep: concentrate\nParticles: 10000\nFrames: 1875\nOverall runtime: 9.6446 s\nAverage FPS: 194.4102\nAverage full frame runtime: 5.1435 ms/frame\nAverage system update runtime: 0.0008 ms/frame\nAverage CPU particle update runtime: 0.5697 ms/frame\nTotal CPU particle update runtime: 1.0682 s\nAverage render/swap/poll runtime: 4.4586 ms/frame\n=======================================\n",
cpu,cpu,concentrate,10000,3,30,0,10.221456000000217,9.9956,1875.0,187.5834,5.3306,0.0008,0.5981,1.1214,4.6148,./bin/rotea_sim --mode cpu --step concentrate --particles 10000 --duration 30,"Particles: 10000 total (9000 fluid, 1000 cells)\nMode: cpu\nStep: concentrate\nDuration: 30 seconds\nRequested duration reached: 30 seconds. Exiting.\n\n========== Benchmark Summary ==========\nMode: cpu\nStep: concentrate\nParticles: 10000\nFrames: 1875\nOverall runtime: 9.9956 s\nAverage FPS: 187.5834\nAverage full frame runtime: 5.3306 ms/frame\nAverage system update runtime: 0.0008 ms/frame\nAverage CPU particle update runtime: 0.5981 ms/frame\nTotal CPU particle update runtime: 1.1214 s\nAverage render/swap/poll runtime: 4.6148 ms/frame\n=======================================\n",
cuda,cuda,concentrate,10000,1,30,0,11.447695288999967,8.4556,1875.0,221.7462,4.5093,0.0007,0.5679,1.0649,3.8179,./bin/rotea_sim_cuda --mode cuda --step concentrate --particles 10000 --duration 30,"Particles: 10000 total (9000 fluid, 1000 cells)\nMode: cuda\nStep: concentrate\nDuration: 30 seconds\nRequested duration reached: 30 seconds. Exiting.\n\n========== Benchmark Summary ==========\nMode: cuda\nStep: concentrate\nParticles: 10000\nFrames: 1875\nOverall runtime: 8.4556 s\nAverage FPS: 221.7462\nAverage full frame runtime: 4.5093 ms/frame\nAverage system update runtime: 0.0007 ms/frame\nAverage CUDA particle update runtime: 0.5679 ms/frame\nTotal CUDA particle update runtime: 1.0649 s\nAverage render/swap/poll runtime: 3.8179 ms/frame\n=======================================\n","[CUDA ENGINE] using persistent CUDA particle buffer\n[CUDA] Persistent particle buffer allocated: 10000 particles, 0.34 MB\n[CUDA] Persistent particle buffer released.\n"
cuda,cuda,concentrate,10000,2,30,0,10.275384021999798,8.3487,1875.0,224.5857,4.4523,0.0007,0.5685,1.0659,3.7621,./bin/rotea_sim_cuda --mode cuda --step concentrate --particles 10000 --duration 30,"Particles: 10000 total (9000 fluid, 1000 cells)\nMode: cuda\nStep: concentrate\nDuration: 30 seconds\nRequested duration reached: 30 seconds. Exiting.\n\n========== Benchmark Summary ==========\nMode: cuda\nStep: concentrate\nParticles: 10000\nFrames: 1875\nOverall runtime: 8.3487 s\nAverage FPS: 224.5857\nAverage full frame runtime: 4.4523 ms/frame\nAverage system update runtime: 0.0007 ms/frame\nAverage CUDA particle update runtime: 0.5685 ms/frame\nTotal CUDA particle update runtime: 1.0659 s\nAverage render/swap/poll runtime: 3.7621 ms/frame\n=======================================\n","[CUDA ENGINE] using persistent CUDA particle buffer\n[CUDA] Persistent particle buffer allocated: 10000 particles, 0.34 MB\n[CUDA] Persistent particle buffer released.\n"
cuda,cuda,concentrate,10000,3,30,0,10.84038657400015,9.4724,1875.0,197.943,5.0516,0.0008,0.7974,1.4952,4.1305,./bin/rotea_sim_cuda --mode cuda --step concentrate --particles 10000 --duration 30,"Particles: 10000 total (9000 fluid, 1000 cells)\nMode: cuda\nStep: concentrate\nDuration: 30 seconds\nRequested duration reached: 30 seconds. Exiting.\n\n========== Benchmark Summary ==========\nMode: cuda\nStep: concentrate\nParticles: 10000\nFrames: 1875\nOverall runtime: 9.4724 s\nAverage FPS: 197.9430\nAverage full frame runtime: 5.0516 ms/frame\nAverage system update runtime: 0.0008 ms/frame\nAverage CUDA particle update runtime: 0.7974 ms/frame\nTotal CUDA particle update runtime: 1.4952 s\nAverage render/swap/poll runtime: 4.1305 ms/frame\n=======================================\n","[CUDA ENGINE] using persistent CUDA particle buffer\n[CUDA] Persistent particle buffer allocated: 10000 particles, 0.34 MB\n[CUDA] Persistent particle buffer released.\n"
cpu,cpu,wash,10000,1,30,0,9.827168006999727,9.6254,1875.0,194.7974,5.1332,0.0008,0.5793,1.0861,4.4389,./bin/rotea_sim --mode cpu --step wash --particles 10000 --duration 30,"Particles: 10000 total (9000 fluid, 1000 cells)\nMode: cpu\nStep: wash\nDuration: 30 seconds\nRequested duration reached: 30 seconds. Exiting.\n\n========== Benchmark Summary ==========\nMode: cpu\nStep: wash\nParticles: 10000\nFrames: 1875\nOverall runtime: 9.6254 s\nAverage FPS: 194.7974\nAverage full frame runtime: 5.1332 ms/frame\nAverage system update runtime: 0.0008 ms/frame\nAverage CPU particle update runtime: 0.5793 ms/frame\nTotal CPU particle update runtime: 1.0861 s\nAverage render/swap/poll runtime: 4.4389 ms/frame\n=======================================\n",
cpu,cpu,wash,10000,2,30,0,9.758622805999948,9.5532,1875.0,196.2683,5.0947,0.0008,0.5841,1.0952,4.3943,./bin/rotea_sim --mode cpu --step wash --particles 10000 --duration 30,"Particles: 10000 total (9000 fluid, 1000 cells)\nMode: cpu\nStep: wash\nDuration: 30 seconds\nRequested duration reached: 30 seconds. Exiting.\n\n========== Benchmark Summary ==========\nMode: cpu\nStep: wash\nParticles: 10000\nFrames: 1875\nOverall runtime: 9.5532 s\nAverage FPS: 196.2683\nAverage full frame runtime: 5.0947 ms/frame\nAverage system update runtime: 0.0008 ms/frame\nAverage CPU particle update runtime: 0.5841 ms/frame\nTotal CPU particle update runtime: 1.0952 s\nAverage render/swap/poll runtime: 4.3943 ms/frame\n=======================================\n",
cpu,cpu,wash,10000,3,30,0,10.187896077000005,9.9448,1875.0,188.5408,5.3035,0.0007,0.5911,1.1083,4.5956,./bin/rotea_sim --mode cpu --step wash --particles 10000 --duration 30,"Particles: 10000 total (9000 fluid, 1000 cells)\nMode: cpu\nStep: wash\nDuration: 30 seconds\nRequested duration reached: 30 seconds. Exiting.\n\n========== Benchmark Summary ==========\nMode: cpu\nStep: wash\nParticles: 10000\nFrames: 1875\nOverall runtime: 9.9448 s\nAverage FPS: 188.5408\nAverage full frame runtime: 5.3035 ms/frame\nAverage system update runtime: 0.0007 ms/frame\nAverage CPU particle update runtime: 0.5911 ms/frame\nTotal CPU particle update runtime: 1.1083 s\nAverage render/swap/poll runtime: 4.5956 ms/frame\n=======================================\n",
cuda,cuda,wash,10000,1,30,0,12.327074771999833,9.3007,1875.0,201.598,4.96,0.0007,0.6375,1.1952,4.1987,./bin/rotea_sim_cuda --mode cuda --step wash --particles 10000 --duration 30,"Particles: 10000 total (9000 fluid, 1000 cells)\nMode: cuda\nStep: wash\nDuration: 30 seconds\nRequested duration reached: 30 seconds. Exiting.\n\n========== Benchmark Summary ==========\nMode: cuda\nStep: wash\nParticles: 10000\nFrames: 1875\nOverall runtime: 9.3007 s\nAverage FPS: 201.5980\nAverage full frame runtime: 4.9600 ms/frame\nAverage system update runtime: 0.0007 ms/frame\nAverage CUDA particle update runtime: 0.6375 ms/frame\nTotal CUDA particle update runtime: 1.1952 s\nAverage render/swap/poll runtime: 4.1987 ms/frame\n=======================================\n","[CUDA ENGINE] using persistent CUDA particle buffer\n[CUDA] Persistent particle buffer allocated: 10000 particles, 0.34 MB\n[CUDA] Persistent particle buffer released.\n"
cuda,cuda,wash,10000,2,30,0,10.074741452000126,8.644,1875.0,216.9126,4.6098,0.0007,0.6974,1.3076,3.7904,./bin/rotea_sim_cuda --mode cuda --step wash --particles 10000 --duration 30,"Particles: 10000 total (9000 fluid, 1000 cells)\nMode: cuda\nStep: wash\nDuration: 30 seconds\nRequested duration reached: 30 seconds. Exiting.\n\n========== Benchmark Summary ==========\nMode: cuda\nStep: wash\nParticles: 10000\nFrames: 1875\nOverall runtime: 8.6440 s\nAverage FPS: 216.9126\nAverage full frame runtime: 4.6098 ms/frame\nAverage system update runtime: 0.0007 ms/frame\nAverage CUDA particle update runtime: 0.6974 ms/frame\nTotal CUDA particle update runtime: 1.3076 s\nAverage render/swap/poll runtime: 3.7904 ms/frame\n=======================================\n","[CUDA ENGINE] using persistent CUDA particle buffer\n[CUDA] Persistent particle buffer allocated: 10000 particles, 0.34 MB\n[CUDA] Persistent particle buffer released.\n"
cuda,cuda,wash,10000,3,30,0,9.907267400999899,8.0602,1875.0,232.624,4.2984,0.0008,0.5406,1.0137,3.6349,./bin/rotea_sim_cuda --mode cuda --step wash --particles 10000 --duration 30,"Particles: 10000 total (9000 fluid, 1000 cells)\nMode: cuda\nStep: wash\nDuration: 30 seconds\nRequested duration reached: 30 seconds. Exiting.\n\n========== Benchmark Summary ==========\nMode: cuda\nStep: wash\nParticles: 10000\nFrames: 1875\nOverall runtime: 8.0602 s\nAverage FPS: 232.6240\nAverage full frame runtime: 4.2984 ms/frame\nAverage system update runtime: 0.0008 ms/frame\nAverage CUDA particle update runtime: 0.5406 ms/frame\nTotal CUDA particle update runtime: 1.0137 s\nAverage render/swap/poll runtime: 3.6349 ms/frame\n=======================================\n","[CUDA ENGINE] using persistent CUDA particle buffer\n[CUDA] Persistent particle buffer allocated: 10000 particles, 0.34 MB\n[CUDA] Persistent particle buffer released.\n"
cpu,cpu,harvest,10000,1,30,0,9.854174482999952,9.6315,1875.0,194.6739,5.1364,0.0008,0.5854,1.0977,4.4361,./bin/rotea_sim --mode cpu --step harvest --particles 10000 --duration 30,"Particles: 10000 total (9000 fluid, 1000 cells)\nMode: cpu\nStep: harvest\nDuration: 30 seconds\nRequested duration reached: 30 seconds. Exiting.\n\n========== Benchmark Summary ==========\nMode: cpu\nStep: harvest\nParticles: 10000\nFrames: 1875\nOverall runtime: 9.6315 s\nAverage FPS: 194.6739\nAverage full frame runtime: 5.1364 ms/frame\nAverage system update runtime: 0.0008 ms/frame\nAverage CPU particle update runtime: 0.5854 ms/frame\nTotal CPU particle update runtime: 1.0977 s\nAverage render/swap/poll runtime: 4.4361 ms/frame\n=======================================\n",
cpu,cpu,harvest,10000,2,30,0,9.447319673000038,9.2202,1875.0,203.3578,4.9171,0.0007,0.5657,1.0606,4.2378,./bin/rotea_sim --mode cpu --step harvest --particles 10000 --duration 30,"Particles: 10000 total (9000 fluid, 1000 cells)\nMode: cpu\nStep: harvest\nDuration: 30 seconds\nRequested duration reached: 30 seconds. Exiting.\n\n========== Benchmark Summary ==========\nMode: cpu\nStep: harvest\nParticles: 10000\nFrames: 1875\nOverall runtime: 9.2202 s\nAverage FPS: 203.3578\nAverage full frame runtime: 4.9171 ms/frame\nAverage system update runtime: 0.0007 ms/frame\nAverage CPU particle update runtime: 0.5657 ms/frame\nTotal CPU particle update runtime: 1.0606 s\nAverage render/swap/poll runtime: 4.2378 ms/frame\n=======================================\n",
cpu,cpu,harvest,10000,3,30,0,10.264106777000052,10.005,1875.0,187.4071,5.3356,0.0007,0.6008,1.1266,4.6172,./bin/rotea_sim --mode cpu --step harvest --particles 10000 --duration 30,"Particles: 10000 total (9000 fluid, 1000 cells)\nMode: cpu\nStep: harvest\nDuration: 30 seconds\nRequested duration reached: 30 seconds. Exiting.\n\n========== Benchmark Summary ==========\nMode: cpu\nStep: harvest\nParticles: 10000\nFrames: 1875\nOverall runtime: 10.0050 s\nAverage FPS: 187.4071\nAverage full frame runtime: 5.3356 ms/frame\nAverage system update runtime: 0.0007 ms/frame\nAverage CPU particle update runtime: 0.6008 ms/frame\nTotal CPU particle update runtime: 1.1266 s\nAverage render/swap/poll runtime: 4.6172 ms/frame\n=======================================\n",
cuda,cuda,harvest,10000,1,30,0,11.661242569000024,8.5551,1875.0,219.1678,4.5623,0.0008,0.5912,1.1085,3.8189,./bin/rotea_sim_cuda --mode cuda --step harvest --particles 10000 --duration 30,"Particles: 10000 total (9000 fluid, 1000 cells)\nMode: cuda\nStep: harvest\nDuration: 30 seconds\nRequested duration reached: 30 seconds. Exiting.\n\n========== Benchmark Summary ==========\nMode: cuda\nStep: harvest\nParticles: 10000\nFrames: 1875\nOverall runtime: 8.5551 s\nAverage FPS: 219.1678\nAverage full frame runtime: 4.5623 ms/frame\nAverage system update runtime: 0.0008 ms/frame\nAverage CUDA particle update runtime: 0.5912 ms/frame\nTotal CUDA particle update runtime: 1.1085 s\nAverage render/swap/poll runtime: 3.8189 ms/frame\n=======================================\n","[CUDA ENGINE] using persistent CUDA particle buffer\n[CUDA] Persistent particle buffer allocated: 10000 particles, 0.34 MB\n[CUDA] Persistent particle buffer released.\n"
cuda,cuda,harvest,10000,2,30,0,9.826548156999706,7.9948,1875.0,234.5267,4.2636,0.0006,0.5447,1.0213,3.5745,./bin/rotea_sim_cuda --mode cuda --step harvest --particles 10000 --duration 30,"Particles: 10000 total (9000 fluid, 1000 cells)\nMode: cuda\nStep: harvest\nDuration: 30 seconds\nRequested duration reached: 30 seconds. Exiting.\n\n========== Benchmark Summary ==========\nMode: cuda\nStep: harvest\nParticles: 10000\nFrames: 1875\nOverall runtime: 7.9948 s\nAverage FPS: 234.5267\nAverage full frame runtime: 4.2636 ms/frame\nAverage system update runtime: 0.0006 ms/frame\nAverage CUDA particle update runtime: 0.5447 ms/frame\nTotal CUDA particle update runtime: 1.0213 s\nAverage render/swap/poll runtime: 3.5745 ms/frame\n=======================================\n","[CUDA ENGINE] using persistent CUDA particle buffer\n[CUDA] Persistent particle buffer allocated: 10000 particles, 0.34 MB\n[CUDA] Persistent particle buffer released.\n"
cuda,cuda,harvest,10000,3,30,0,10.229846350999651,8.32,1875.0,225.3606,4.437,0.0006,0.584,1.0949,3.7048,./bin/rotea_sim_cuda --mode cuda --step harvest --particles 10000 --duration 30,"Particles: 10000 total (9000 fluid, 1000 cells)\nMode: cuda\nStep: harvest\nDuration: 30 seconds\nRequested duration reached: 30 seconds. Exiting.\n\n========== Benchmark Summary ==========\nMode: cuda\nStep: harvest\nParticles: 10000\nFrames: 1875\nOverall runtime: 8.3200 s\nAverage FPS: 225.3606\nAverage full frame runtime: 4.4370 ms/frame\nAverage system update runtime: 0.0006 ms/frame\nAverage CUDA particle update runtime: 0.5840 ms/frame\nTotal CUDA particle update runtime: 1.0949 s\nAverage render/swap/poll runtime: 3.7048 ms/frame\n=======================================\n","[CUDA ENGINE] using persistent CUDA particle buffer\n[CUDA] Persistent particle buffer allocated: 10000 particles, 0.34 MB\n[CUDA] Persistent particle buffer released.\n"
cpu,cpu,load,50000,1,30,0,27.211363293999966,26.9606,1875.0,69.546,14.3785,0.0007,2.3156,4.3418,11.6218,./bin/rotea_sim --mode cpu --step load --particles 50000 --duration 30,"Particles: 50000 total (45000 fluid, 5000 cells)\nMode: cpu\nStep: load\nDuration: 30 seconds\nRequested duration reached: 30 seconds. Exiting.\n\n========== Benchmark Summary ==========\nMode: cpu\nStep: load\nParticles: 50000\nFrames: 1875\nOverall runtime: 26.9606 s\nAverage FPS: 69.5460\nAverage full frame runtime: 14.3785 ms/frame\nAverage system update runtime: 0.0007 ms/frame\nAverage CPU particle update runtime: 2.3156 ms/frame\nTotal CPU particle update runtime: 4.3418 s\nAverage render/swap/poll runtime: 11.6218 ms/frame\n=======================================\n",
cpu,cpu,load,50000,2,30,0,27.62325736699995,27.3629,1875.0,68.5235,14.5931,0.0008,2.3537,4.4132,11.7951,./bin/rotea_sim --mode cpu --step load --particles 50000 --duration 30,"Particles: 50000 total (45000 fluid, 5000 cells)\nMode: cpu\nStep: load\nDuration: 30 seconds\nRequested duration reached: 30 seconds. Exiting.\n\n========== Benchmark Summary ==========\nMode: cpu\nStep: load\nParticles: 50000\nFrames: 1875\nOverall runtime: 27.3629 s\nAverage FPS: 68.5235\nAverage full frame runtime: 14.5931 ms/frame\nAverage system update runtime: 0.0008 ms/frame\nAverage CPU particle update runtime: 2.3537 ms/frame\nTotal CPU particle update runtime: 4.4132 s\nAverage render/swap/poll runtime: 11.7951 ms/frame\n=======================================\n",
cpu,cpu,load,50000,3,30,0,26.925538653999865,26.6963,1875.0,70.2344,14.2376,0.0008,2.2664,4.2494,11.5343,./bin/rotea_sim --mode cpu --step load --particles 50000 --duration 30,"Particles: 50000 total (45000 fluid, 5000 cells)\nMode: cpu\nStep: load\nDuration: 30 seconds\nRequested duration reached: 30 seconds. Exiting.\n\n========== Benchmark Summary ==========\nMode: cpu\nStep: load\nParticles: 50000\nFrames: 1875\nOverall runtime: 26.6963 s\nAverage FPS: 70.2344\nAverage full frame runtime: 14.2376 ms/frame\nAverage system update runtime: 0.0008 ms/frame\nAverage CPU particle update runtime: 2.2664 ms/frame\nTotal CPU particle update runtime: 4.2494 s\nAverage render/swap/poll runtime: 11.5343 ms/frame\n=======================================\n",
cuda,cuda,load,50000,1,30,0,32.18715330199984,29.1178,1875.0,64.3937,15.529,0.0007,2.9139,5.4635,12.0857,./bin/rotea_sim_cuda --mode cuda --step load --particles 50000 --duration 30,"Particles: 50000 total (45000 fluid, 5000 cells)\nMode: cuda\nStep: load\nDuration: 30 seconds\nRequested duration reached: 30 seconds. Exiting.\n\n========== Benchmark Summary ==========\nMode: cuda\nStep: load\nParticles: 50000\nFrames: 1875\nOverall runtime: 29.1178 s\nAverage FPS: 64.3937\nAverage full frame runtime: 15.5290 ms/frame\nAverage system update runtime: 0.0007 ms/frame\nAverage CUDA particle update runtime: 2.9139 ms/frame\nTotal CUDA particle update runtime: 5.4635 s\nAverage render/swap/poll runtime: 12.0857 ms/frame\n=======================================\n","[CUDA ENGINE] using persistent CUDA particle buffer\n[CUDA] Persistent particle buffer allocated: 50000 particles, 1.72 MB\n[CUDA] Persistent particle buffer released.\n"
cuda,cuda,load,50000,2,30,0,30.559933868999906,29.1076,1875.0,64.4161,15.5237,0.0007,2.8749,5.3904,12.1244,./bin/rotea_sim_cuda --mode cuda --step load --particles 50000 --duration 30,"Particles: 50000 total (45000 fluid, 5000 cells)\nMode: cuda\nStep: load\nDuration: 30 seconds\nRequested duration reached: 30 seconds. Exiting.\n\n========== Benchmark Summary ==========\nMode: cuda\nStep: load\nParticles: 50000\nFrames: 1875\nOverall runtime: 29.1076 s\nAverage FPS: 64.4161\nAverage full frame runtime: 15.5237 ms/frame\nAverage system update runtime: 0.0007 ms/frame\nAverage CUDA particle update runtime: 2.8749 ms/frame\nTotal CUDA particle update runtime: 5.3904 s\nAverage render/swap/poll runtime: 12.1244 ms/frame\n=======================================\n","[CUDA ENGINE] using persistent CUDA particle buffer\n[CUDA] Persistent particle buffer allocated: 50000 particles, 1.72 MB\n[CUDA] Persistent particle buffer released.\n"
cuda,cuda,load,50000,3,30,0,31.31658820099983,29.3989,1875.0,63.7778,15.679,0.0008,2.8984,5.4346,12.2458,./bin/rotea_sim_cuda --mode cuda --step load --particles 50000 --duration 30,"Particles: 50000 total (45000 fluid, 5000 cells)\nMode: cuda\nStep: load\nDuration: 30 seconds\nRequested duration reached: 30 seconds. Exiting.\n\n========== Benchmark Summary ==========\nMode: cuda\nStep: load\nParticles: 50000\nFrames: 1875\nOverall runtime: 29.3989 s\nAverage FPS: 63.7778\nAverage full frame runtime: 15.6790 ms/frame\nAverage system update runtime: 0.0008 ms/frame\nAverage CUDA particle update runtime: 2.8984 ms/frame\nTotal CUDA particle update runtime: 5.4346 s\nAverage render/swap/poll runtime: 12.2458 ms/frame\n=======================================\n","[CUDA ENGINE] using persistent CUDA particle buffer\n[CUDA] Persistent particle buffer allocated: 50000 particles, 1.72 MB\n[CUDA] Persistent particle buffer released.\n"
cpu,cpu,concentrate,50000,1,30,0,27.352241394999965,27.1448,1875.0,69.0739,14.4768,0.0008,2.2701,4.2565,11.7687,./bin/rotea_sim --mode cpu --step concentrate --particles 50000 --duration 30,"Particles: 50000 total (45000 fluid, 5000 cells)\nMode: cpu\nStep: concentrate\nDuration: 30 seconds\nRequested duration reached: 30 seconds. Exiting.\n\n========== Benchmark Summary ==========\nMode: cpu\nStep: concentrate\nParticles: 50000\nFrames: 1875\nOverall runtime: 27.1448 s\nAverage FPS: 69.0739\nAverage full frame runtime: 14.4768 ms/frame\nAverage system update runtime: 0.0008 ms/frame\nAverage CPU particle update runtime: 2.2701 ms/frame\nTotal CPU particle update runtime: 4.2565 s\nAverage render/swap/poll runtime: 11.7687 ms/frame\n=======================================\n",
cpu,cpu,concentrate,50000,2,30,0,27.251483792999807,27.0104,1875.0,69.4177,14.4051,0.0008,2.29,4.2937,11.6696,./bin/rotea_sim --mode cpu --step concentrate --particles 50000 --duration 30,"Particles: 50000 total (45000 fluid, 5000 cells)\nMode: cpu\nStep: concentrate\nDuration: 30 seconds\nRequested duration reached: 30 seconds. Exiting.\n\n========== Benchmark Summary ==========\nMode: cpu\nStep: concentrate\nParticles: 50000\nFrames: 1875\nOverall runtime: 27.0104 s\nAverage FPS: 69.4177\nAverage full frame runtime: 14.4051 ms/frame\nAverage system update runtime: 0.0008 ms/frame\nAverage CPU particle update runtime: 2.2900 ms/frame\nTotal CPU particle update runtime: 4.2937 s\nAverage render/swap/poll runtime: 11.6696 ms/frame\n=======================================\n",
cpu,cpu,concentrate,50000,3,30,0,27.18963879499961,26.9415,1875.0,69.5952,14.3683,0.0007,2.2741,4.2639,11.6559,./bin/rotea_sim --mode cpu --step concentrate --particles 50000 --duration 30,"Particles: 50000 total (45000 fluid, 5000 cells)\nMode: cpu\nStep: concentrate\nDuration: 30 seconds\nRequested duration reached: 30 seconds. Exiting.\n\n========== Benchmark Summary ==========\nMode: cpu\nStep: concentrate\nParticles: 50000\nFrames: 1875\nOverall runtime: 26.9415 s\nAverage FPS: 69.5952\nAverage full frame runtime: 14.3683 ms/frame\nAverage system update runtime: 0.0007 ms/frame\nAverage CPU particle update runtime: 2.2741 ms/frame\nTotal CPU particle update runtime: 4.2639 s\nAverage render/swap/poll runtime: 11.6559 ms/frame\n=======================================\n",
cuda,cuda,concentrate,50000,1,30,0,31.88065857799984,28.8361,1875.0,65.0226,15.3788,0.0009,2.9097,5.4558,11.9345,./bin/rotea_sim_cuda --mode cuda --step concentrate --particles 50000 --duration 30,"Particles: 50000 total (45000 fluid, 5000 cells)\nMode: cuda\nStep: concentrate\nDuration: 30 seconds\nRequested duration reached: 30 seconds. Exiting.\n\n========== Benchmark Summary ==========\nMode: cuda\nStep: concentrate\nParticles: 50000\nFrames: 1875\nOverall runtime: 28.8361 s\nAverage FPS: 65.0226\nAverage full frame runtime: 15.3788 ms/frame\nAverage system update runtime: 0.0009 ms/frame\nAverage CUDA particle update runtime: 2.9097 ms/frame\nTotal CUDA particle update runtime: 5.4558 s\nAverage render/swap/poll runtime: 11.9345 ms/frame\n=======================================\n","[CUDA ENGINE] using persistent CUDA particle buffer\n[CUDA] Persistent particle buffer allocated: 50000 particles, 1.72 MB\n[CUDA] Persistent particle buffer released.\n"
cuda,cuda,concentrate,50000,2,30,0,30.948115166000207,28.996,1875.0,64.6642,15.4641,0.0009,2.9335,5.5003,11.9998,./bin/rotea_sim_cuda --mode cuda --step concentrate --particles 50000 --duration 30,"Particles: 50000 total (45000 fluid, 5000 cells)\nMode: cuda\nStep: concentrate\nDuration: 30 seconds\nRequested duration reached: 30 seconds. Exiting.\n\n========== Benchmark Summary ==========\nMode: cuda\nStep: concentrate\nParticles: 50000\nFrames: 1875\nOverall runtime: 28.9960 s\nAverage FPS: 64.6642\nAverage full frame runtime: 15.4641 ms/frame\nAverage system update runtime: 0.0009 ms/frame\nAverage CUDA particle update runtime: 2.9335 ms/frame\nTotal CUDA particle update runtime: 5.5003 s\nAverage render/swap/poll runtime: 11.9998 ms/frame\n=======================================\n","[CUDA ENGINE] using persistent CUDA particle buffer\n[CUDA] Persistent particle buffer allocated: 50000 particles, 1.72 MB\n[CUDA] Persistent particle buffer released.\n"
cuda,cuda,concentrate,50000,3,30,0,31.860152165000272,30.4624,1875.0,61.5513,16.2462,0.0008,3.3857,6.3481,12.3213,./bin/rotea_sim_cuda --mode cuda --step concentrate --particles 50000 --duration 30,"Particles: 50000 total (45000 fluid, 5000 cells)\nMode: cuda\nStep: concentrate\nDuration: 30 seconds\nRequested duration reached: 30 seconds. Exiting.\n\n========== Benchmark Summary ==========\nMode: cuda\nStep: concentrate\nParticles: 50000\nFrames: 1875\nOverall runtime: 30.4624 s\nAverage FPS: 61.5513\nAverage full frame runtime: 16.2462 ms/frame\nAverage system update runtime: 0.0008 ms/frame\nAverage CUDA particle update runtime: 3.3857 ms/frame\nTotal CUDA particle update runtime: 6.3481 s\nAverage render/swap/poll runtime: 12.3213 ms/frame\n=======================================\n","[CUDA ENGINE] using persistent CUDA particle buffer\n[CUDA] Persistent particle buffer allocated: 50000 particles, 1.72 MB\n[CUDA] Persistent particle buffer released.\n"
cpu,cpu,wash,50000,1,30,0,26.89046605400017,26.6786,1875.0,70.2809,14.2282,0.0009,2.2437,4.2069,11.5493,./bin/rotea_sim --mode cpu --step wash --particles 50000 --duration 30,"Particles: 50000 total (45000 fluid, 5000 cells)\nMode: cpu\nStep: wash\nDuration: 30 seconds\nRequested duration reached: 30 seconds. Exiting.\n\n========== Benchmark Summary ==========\nMode: cpu\nStep: wash\nParticles: 50000\nFrames: 1875\nOverall runtime: 26.6786 s\nAverage FPS: 70.2809\nAverage full frame runtime: 14.2282 ms/frame\nAverage system update runtime: 0.0009 ms/frame\nAverage CPU particle update runtime: 2.2437 ms/frame\nTotal CPU particle update runtime: 4.2069 s\nAverage render/swap/poll runtime: 11.5493 ms/frame\n=======================================\n",
cpu,cpu,wash,50000,2,30,0,27.24721488000023,26.9891,1875.0,69.4726,14.3937,0.0008,2.3073,4.3263,11.6484,./bin/rotea_sim --mode cpu --step wash --particles 50000 --duration 30,"Particles: 50000 total (45000 fluid, 5000 cells)\nMode: cpu\nStep: wash\nDuration: 30 seconds\nRequested duration reached: 30 seconds. Exiting.\n\n========== Benchmark Summary ==========\nMode: cpu\nStep: wash\nParticles: 50000\nFrames: 1875\nOverall runtime: 26.9891 s\nAverage FPS: 69.4726\nAverage full frame runtime: 14.3937 ms/frame\nAverage system update runtime: 0.0008 ms/frame\nAverage CPU particle update runtime: 2.3073 ms/frame\nTotal CPU particle update runtime: 4.3263 s\nAverage render/swap/poll runtime: 11.6484 ms/frame\n=======================================\n",
cpu,cpu,wash,50000,3,30,0,27.3584362280003,27.1089,1875.0,69.1655,14.4576,0.0007,2.3235,4.3565,11.6909,./bin/rotea_sim --mode cpu --step wash --particles 50000 --duration 30,"Particles: 50000 total (45000 fluid, 5000 cells)\nMode: cpu\nStep: wash\nDuration: 30 seconds\nRequested duration reached: 30 seconds. Exiting.\n\n========== Benchmark Summary ==========\nMode: cpu\nStep: wash\nParticles: 50000\nFrames: 1875\nOverall runtime: 27.1089 s\nAverage FPS: 69.1655\nAverage full frame runtime: 14.4576 ms/frame\nAverage system update runtime: 0.0007 ms/frame\nAverage CPU particle update runtime: 2.3235 ms/frame\nTotal CPU particle update runtime: 4.3565 s\nAverage render/swap/poll runtime: 11.6909 ms/frame\n=======================================\n",
cuda,cuda,wash,50000,1,30,0,32.488263308000114,29.412,1875.0,63.7495,15.6859,0.001,2.889,5.4169,12.2504,./bin/rotea_sim_cuda --mode cuda --step wash --particles 50000 --duration 30,"Particles: 50000 total (45000 fluid, 5000 cells)\nMode: cuda\nStep: wash\nDuration: 30 seconds\nRequested duration reached: 30 seconds. Exiting.\n\n========== Benchmark Summary ==========\nMode: cuda\nStep: wash\nParticles: 50000\nFrames: 1875\nOverall runtime: 29.4120 s\nAverage FPS: 63.7495\nAverage full frame runtime: 15.6859 ms/frame\nAverage system update runtime: 0.0010 ms/frame\nAverage CUDA particle update runtime: 2.8890 ms/frame\nTotal CUDA particle update runtime: 5.4169 s\nAverage render/swap/poll runtime: 12.2504 ms/frame\n=======================================\n","[CUDA ENGINE] using persistent CUDA particle buffer\n[CUDA] Persistent particle buffer allocated: 50000 particles, 1.72 MB\n[CUDA] Persistent particle buffer released.\n"
cuda,cuda,wash,50000,2,30,0,31.300630100000035,29.4101,1875.0,63.7536,15.6849,0.0008,2.8764,5.3933,12.2554,./bin/rotea_sim_cuda --mode cuda --step wash --particles 50000 --duration 30,"Particles: 50000 total (45000 fluid, 5000 cells)\nMode: cuda\nStep: wash\nDuration: 30 seconds\nRequested duration reached: 30 seconds. Exiting.\n\n========== Benchmark Summary ==========\nMode: cuda\nStep: wash\nParticles: 50000\nFrames: 1875\nOverall runtime: 29.4101 s\nAverage FPS: 63.7536\nAverage full frame runtime: 15.6849 ms/frame\nAverage system update runtime: 0.0008 ms/frame\nAverage CUDA particle update runtime: 2.8764 ms/frame\nTotal CUDA particle update runtime: 5.3933 s\nAverage render/swap/poll runtime: 12.2554 ms/frame\n=======================================\n","[CUDA ENGINE] using persistent CUDA particle buffer\n[CUDA] Persistent particle buffer allocated: 50000 particles, 1.72 MB\n[CUDA] Persistent particle buffer released.\n"
cuda,cuda,wash,50000,3,30,0,30.224341543000264,28.718,1875.0,65.2901,15.3158,0.0009,2.7825,5.2171,12.0031,./bin/rotea_sim_cuda --mode cuda --step wash --particles 50000 --duration 30,"Particles: 50000 total (45000 fluid, 5000 cells)\nMode: cuda\nStep: wash\nDuration: 30 seconds\nRequested duration reached: 30 seconds. Exiting.\n\n========== Benchmark Summary ==========\nMode: cuda\nStep: wash\nParticles: 50000\nFrames: 1875\nOverall runtime: 28.7180 s\nAverage FPS: 65.2901\nAverage full frame runtime: 15.3158 ms/frame\nAverage system update runtime: 0.0009 ms/frame\nAverage CUDA particle update runtime: 2.7825 ms/frame\nTotal CUDA particle update runtime: 5.2171 s\nAverage render/swap/poll runtime: 12.0031 ms/frame\n=======================================\n","[CUDA ENGINE] using persistent CUDA particle buffer\n[CUDA] Persistent particle buffer allocated: 50000 particles, 1.72 MB\n[CUDA] Persistent particle buffer released.\n"
cpu,cpu,harvest,50000,1,30,0,27.836634487000083,27.5928,1875.0,67.9526,14.7157,0.0008,2.4025,4.5046,11.8607,./bin/rotea_sim --mode cpu --step harvest --particles 50000 --duration 30,"Particles: 50000 total (45000 fluid, 5000 cells)\nMode: cpu\nStep: harvest\nDuration: 30 seconds\nRequested duration reached: 30 seconds. Exiting.\n\n========== Benchmark Summary ==========\nMode: cpu\nStep: harvest\nParticles: 50000\nFrames: 1875\nOverall runtime: 27.5928 s\nAverage FPS: 67.9526\nAverage full frame runtime: 14.7157 ms/frame\nAverage system update runtime: 0.0008 ms/frame\nAverage CPU particle update runtime: 2.4025 ms/frame\nTotal CPU particle update runtime: 4.5046 s\nAverage render/swap/poll runtime: 11.8607 ms/frame\n=======================================\n",
cpu,cpu,harvest,50000,2,30,0,27.957457806000093,27.7245,1875.0,67.6297,14.7859,0.0007,2.4154,4.529,11.9134,./bin/rotea_sim --mode cpu --step harvest --particles 50000 --duration 30,"Particles: 50000 total (45000 fluid, 5000 cells)\nMode: cpu\nStep: harvest\nDuration: 30 seconds\nRequested duration reached: 30 seconds. Exiting.\n\n========== Benchmark Summary ==========\nMode: cpu\nStep: harvest\nParticles: 50000\nFrames: 1875\nOverall runtime: 27.7245 s\nAverage FPS: 67.6297\nAverage full frame runtime: 14.7859 ms/frame\nAverage system update runtime: 0.0007 ms/frame\nAverage CPU particle update runtime: 2.4154 ms/frame\nTotal CPU particle update runtime: 4.5290 s\nAverage render/swap/poll runtime: 11.9134 ms/frame\n=======================================\n",
cpu,cpu,harvest,50000,3,30,0,28.224709711000287,27.9593,1875.0,67.0618,14.9111,0.0008,2.449,4.592,12.0026,./bin/rotea_sim --mode cpu --step harvest --particles 50000 --duration 30,"Particles: 50000 total (45000 fluid, 5000 cells)\nMode: cpu\nStep: harvest\nDuration: 30 seconds\nRequested duration reached: 30 seconds. Exiting.\n\n========== Benchmark Summary ==========\nMode: cpu\nStep: harvest\nParticles: 50000\nFrames: 1875\nOverall runtime: 27.9593 s\nAverage FPS: 67.0618\nAverage full frame runtime: 14.9111 ms/frame\nAverage system update runtime: 0.0008 ms/frame\nAverage CPU particle update runtime: 2.4490 ms/frame\nTotal CPU particle update runtime: 4.5920 s\nAverage render/swap/poll runtime: 12.0026 ms/frame\n=======================================\n",
cuda,cuda,harvest,50000,1,30,0,30.865918428999976,27.8074,1875.0,67.4281,14.8301,0.0008,2.7768,5.2066,11.4193,./bin/rotea_sim_cuda --mode cuda --step harvest --particles 50000 --duration 30,"Particles: 50000 total (45000 fluid, 5000 cells)\nMode: cuda\nStep: harvest\nDuration: 30 seconds\nRequested duration reached: 30 seconds. Exiting.\n\n========== Benchmark Summary ==========\nMode: cuda\nStep: harvest\nParticles: 50000\nFrames: 1875\nOverall runtime: 27.8074 s\nAverage FPS: 67.4281\nAverage full frame runtime: 14.8301 ms/frame\nAverage system update runtime: 0.0008 ms/frame\nAverage CUDA particle update runtime: 2.7768 ms/frame\nTotal CUDA particle update runtime: 5.2066 s\nAverage render/swap/poll runtime: 11.4193 ms/frame\n=======================================\n","[CUDA ENGINE] using persistent CUDA particle buffer\n[CUDA] Persistent particle buffer allocated: 50000 particles, 1.72 MB\n[CUDA] Persistent particle buffer released.\n"
cuda,cuda,harvest,50000,2,30,0,31.381355751999763,29.5332,1875.0,63.488,15.7505,0.0009,2.8622,5.3666,12.1966,./bin/rotea_sim_cuda --mode cuda --step harvest --particles 50000 --duration 30,"Particles: 50000 total (45000 fluid, 5000 cells)\nMode: cuda\nStep: harvest\nDuration: 30 seconds\nRequested duration reached: 30 seconds. Exiting.\n\n========== Benchmark Summary ==========\nMode: cuda\nStep: harvest\nParticles: 50000\nFrames: 1875\nOverall runtime: 29.5332 s\nAverage FPS: 63.4880\nAverage full frame runtime: 15.7505 ms/frame\nAverage system update runtime: 0.0009 ms/frame\nAverage CUDA particle update runtime: 2.8622 ms/frame\nTotal CUDA particle update runtime: 5.3666 s\nAverage render/swap/poll runtime: 12.1966 ms/frame\n=======================================\n","[CUDA ENGINE] using persistent CUDA particle buffer\n[CUDA] Persistent particle buffer allocated: 50000 particles, 1.72 MB\n[CUDA] Persistent particle buffer released.\n"
cuda,cuda,harvest,50000,3,30,0,31.381517431999782,29.9897,1875.0,62.5214,15.994,0.0011,3.356,6.2925,11.9864,./bin/rotea_sim_cuda --mode cuda --step harvest --particles 50000 --duration 30,"Particles: 50000 total (45000 fluid, 5000 cells)\nMode: cuda\nStep: harvest\nDuration: 30 seconds\nRequested duration reached: 30 seconds. Exiting.\n\n========== Benchmark Summary ==========\nMode: cuda\nStep: harvest\nParticles: 50000\nFrames: 1875\nOverall runtime: 29.9897 s\nAverage FPS: 62.5214\nAverage full frame runtime: 15.9940 ms/frame\nAverage system update runtime: 0.0011 ms/frame\nAverage CUDA particle update runtime: 3.3560 ms/frame\nTotal CUDA particle update runtime: 6.2925 s\nAverage render/swap/poll runtime: 11.9864 ms/frame\n=======================================\n","[CUDA ENGINE] using persistent CUDA particle buffer\n[CUDA] Persistent particle buffer allocated: 50000 particles, 1.72 MB\n[CUDA] Persistent particle buffer released.\n"
